Account ID,,,,,,,,,,,,,
43546666-87bf-47d5-ac3c-735186a6dfe1,,,,,,,,,,,,,
Reporting Period,Accounting Period,Artist(s),Release,Track,UPC,ISRC,Partner,Country,Type,Units,Revenue (USD),Revenue Share (%),Split Pay Share (%)
2023-04,2023-06,Leila Mendes,La Vida Es Una Muerte Que Viene,Quizás Podemos,7.34168E+11,QZMHK2399859,Spotify,DE,Unknown Stream,10,0.0168584,80,100
2023-04,2023-06,,La Vida Es Una Muerte Que Viene,Quizás Podemos,7.34168E+11,QZMHK2399859,Spotify,ID,Unknown Stream,1,0.0003958,80,100
2023-04,2023-06,,La Vida Es Una Muerte Que Viene,Quizás Podemos,7.34168E+11,QZMHK2399859,Spotify,PE,Unknown Stream,16,0.0100445,80,100
2023-04,2023-06,,La Vida Es Una Muerte Que Viene,Quizás Podemos,7.34168E+11,QZMHK2399859,Spotify,US,Unknown Stream,109,0.3483553,80,100
2023-04,2023-06,,La Vida Es Una Muerte Que Viene,A Ver,7.34168E+11,QM42K2309623,Spotify,DE,Unknown Stream,1,0.0020244,80,100
2023-04,2023-06,,La Vida Es Una Muerte Que Viene,A Ver,7.34168E+11,QM42K2309623,Spotify,PE,Unknown Stream,6,0.0037667,80,100
2023-04,2023-06,,La Vida Es Una Muerte Que Viene,A Ver,7.34168E+11,QM42K2309623,Spotify,US,Unknown Stream,90,0.2878011,80,100
2023-04,2023-06,,La Vida Es Una Muerte Que Viene,Sin Tiempo,7.34168E+11,QM42K2355776,Spotify,PE,Unknown Stream,14,0.0087889,80,100
2023-04,2023-06,,La Vida Es Una Muerte Que Viene,Sin Tiempo,7.34168E+11,QM42K2355776,Spotify,US,Unknown Stream,88,0.279552,80,100
2023-04,2023-06,,La Vida Es Una Muerte Que Viene,Sé Que,7.34168E+11,QZMHN2381628,Spotify,DE,Unknown Stream,1,0.0020244,80,100
2023-04,2023-06,,La Vida Es Una Muerte Que Viene,Sé Que,7.34168E+11,QZMHN2381628,Spotify,PE,Unknown Stream,12,0.0075334,80,100
2023-04,2023-06,,La Vida Es Una Muerte Que Viene,Sé Que,7.34168E+11,QZMHN2381628,Spotify,US,Unknown Stream,115,0.3742972,80,100
2023-04,2023-06,,La Vida Es Una Muerte Que Viene,Tú y Yo,7.34168E+11,QZS652388451,Spotify,PE,Unknown Stream,7,0.0043945,80,100
2023-04,2023-06,,La Vida Es Una Muerte Que Viene,Tú y Yo,7.34168E+11,QZS652388451,Spotify,US,Unknown Stream,114,0.3706136,80,100
2023-04,2023-06,,La Vida Es Una Muerte Que Viene,Quédate,7.34168E+11,QM42K2355071,Spotify,PE,Unknown Stream,5,0.0031389,80,100
2023-04,2023-06,,La Vida Es Una Muerte Que Viene,Quédate,7.34168E+11,QM42K2355071,Spotify,US,Unknown Stream,127,0.4107692,80,100
2023-04,2023-06,,La Vida Es Una Muerte Que Viene,Déjenme,7.34168E+11,QZS632379385,Spotify,DE,Unknown Stream,1,0.0020244,80,100
2023-04,2023-06,,La Vida Es Una Muerte Que Viene,Déjenme,7.34168E+11,QZS632379385,Spotify,PE,Unknown Stream,5,0.0031389,80,100
2023-04,2023-06,,La Vida Es Una Muerte Que Viene,Déjenme,7.34168E+11,QZS632379385,Spotify,US,Unknown Stream,88,0.2806762,80,100
2023-04,2023-06,,La Vida Es Una Muerte Que Viene,La Vida es Una Muerte Que Viene,7.34168E+11,QZS642379955,Spotify,DE,Unknown Stream,10,0.0165404,80,100
2023-04,2023-06,,La Vida Es Una Muerte Que Viene,La Vida es Una Muerte Que Viene,7.34168E+11,QZS642379955,Spotify,GB,Unknown Stream,4,0.0193774,80,100
2023-04,2023-06,,La Vida Es Una Muerte Que Viene,La Vida es Una Muerte Que Viene,7.34168E+11,QZS642379955,Spotify,NL,Unknown Stream,1,0.0023342,80,100
2023-04,2023-06,,La Vida Es Una Muerte Que Viene,La Vida es Una Muerte Que Viene,7.34168E+11,QZS642379955,Spotify,PA,Unknown Stream,1,0.0012408,80,100
2023-04,2023-06,,La Vida Es Una Muerte Que Viene,La Vida es Una Muerte Que Viene,7.34168E+11,QZS642379955,Spotify,PE,Unknown Stream,14,0.0087889,80,100
2023-04,2023-06,,La Vida Es Una Muerte Que Viene,La Vida es Una Muerte Que Viene,7.34168E+11,QZS642379955,Spotify,US,Unknown Stream,112,0.3620547,80,100
2023-04,2023-06,,La Vida Es Una Muerte Que Viene,Otro Mundo,7.34168E+11,QZMHL2318427,Spotify,PE,Unknown Stream,15,0.0094167,80,100
2023-04,2023-06,,La Vida Es Una Muerte Que Viene,Otro Mundo,7.34168E+11,QZMHL2318427,Spotify,US,Unknown Stream,90,0.2981403,80,100
2023-04,2023-06,,La Vida Es Una Muerte Que Viene,Sé Que,7.34168E+11,QZMHN2381628,Boomplay,KE,Unknown Stream,1,0.0006337,80,100
2023-04,2023-06,,La Vida Es Una Muerte Que Viene,Quizás Podemos,7.34168E+11,QZMHK2399859,Boomplay,MG,Unknown Stream,1,0.0006339,80,100
2023-04,2023-06,,La Vida Es Una Muerte Que Viene,Quizás Podemos,7.34168E+11,QZMHK2399859,Boomplay,TG,Unknown Stream,2,0.0012675,80,100
2023-04,2023-06,,La Vida Es Una Muerte Que Viene,Quizás Podemos,7.34168E+11,QZMHK2399859,Apple Music,AU,Unknown Stream,1,0.0036467,80,100
2023-04,2023-06,,La Vida Es Una Muerte Que Viene,Quizás Podemos,7.34168E+11,QZMHK2399859,Apple Music,US,Unknown Stream,34,0.1407672,80,100
2023-04,2023-06,,La Vida Es Una Muerte Que Viene,A Ver,7.34168E+11,QM42K2309623,Apple Music,US,Unknown Stream,32,0.1334968,80,100
2023-04,2023-06,,La Vida Es Una Muerte Que Viene,Sin Tiempo,7.34168E+11,QM42K2355776,Apple Music,US,Unknown Stream,30,0.1172024,80,100
2023-04,2023-06,,La Vida Es Una Muerte Que Viene,Sé Que,7.34168E+11,QZMHN2381628,Apple Music,AU,Unknown Stream,1,0.0036467,80,100
2023-04,2023-06,,La Vida Es Una Muerte Que Viene,Sé Que,7.34168E+11,QZMHN2381628,Apple Music,US,Unknown Stream,42,0.1722664,80,100
2023-04,2023-06,,La Vida Es Una Muerte Que Viene,Tú y Yo,7.34168E+11,QZS652388451,Apple Music,AU,Unknown Stream,1,0.0036467,80,100
2023-04,2023-06,,La Vida Es Una Muerte Que Viene,Tú y Yo,7.34168E+11,QZS652388451,Apple Music,US,Unknown Stream,37,0.1563848,80,100
2023-04,2023-06,,La Vida Es Una Muerte Que Viene,Quédate,7.34168E+11,QM42K2355071,Apple Music,AU,Unknown Stream,1,0.0036467,80,100
2023-04,2023-06,,La Vida Es Una Muerte Que Viene,Quédate,7.34168E+11,QM42K2355071,Apple Music,US,Unknown Stream,48,0.2002248,80,100
2023-04,2023-06,,La Vida Es Una Muerte Que Viene,Déjenme,7.34168E+11,QZS632379385,Apple Music,AU,Unknown Stream,1,0.0036467,80,100
2023-04,2023-06,,La Vida Es Una Muerte Que Viene,Déjenme,7.34168E+11,QZS632379385,Apple Music,US,Unknown Stream,35,0.1431832,80,100
2023-04,2023-06,,La Vida Es Una Muerte Que Viene,La Vida es Una Muerte Que Viene,7.34168E+11,QZS642379955,Apple Music,AU,Unknown Stream,1,0.0036467,80,100
2023-04,2023-06,,La Vida Es Una Muerte Que Viene,La Vida es Una Muerte Que Viene,7.34168E+11,QZS642379955,Apple Music,US,Unknown Stream,40,0.1766872,80,100
2023-04,2023-06,,La Vida Es Una Muerte Que Viene,Otro Mundo,7.34168E+11,QZMHL2318427,Apple Music,US,Unknown Stream,27,0.1083288,80,100
2023-04,2023-06,,La Vida Es Una Muerte Que Viene,Quizás Podemos,7.34168E+11,QZMHK2399859,Amazon Music,US,Sub Stream,1,0.0059296,80,100
2023-04,2023-06,,La Vida Es Una Muerte Que Viene,A Ver,7.34168E+11,QM42K2309623,Amazon Music,US,Sub Stream,2,0.0118592,80,100
2023-04,2023-06,,La Vida Es Una Muerte Que Viene,Sé Que,7.34168E+11,QZMHN2381628,Amazon Music,US,Sub Stream,2,0.0118592,80,100
2023-04,2023-06,,La Vida Es Una Muerte Que Viene,Tú y Yo,7.34168E+11,QZS652388451,Amazon Music,US,Sub Stream,2,0.0118592,80,100
2023-04,2023-06,,La Vida Es Una Muerte Que Viene,Quédate,7.34168E+11,QM42K2355071,Amazon Music,US,Sub Stream,2,0.0118592,80,100
2023-04,2023-06,,La Vida Es Una Muerte Que Viene,Déjenme,7.34168E+11,QZS632379385,Amazon Music,US,Sub Stream,2,0.0118592,80,100
2023-04,2023-06,,La Vida Es Una Muerte Que Viene,Quizás Podemos,7.34168E+11,QZMHK2399859,Tidal,US,Sub Stream,1,0.0047616,80,100
2023-04,2023-06,,La Vida Es Una Muerte Que Viene,A Ver,7.34168E+11,QM42K2309623,Tidal,US,Sub Stream,1,0.0047616,80,100
2023-04,2023-06,,La Vida Es Una Muerte Que Viene,Sin Tiempo,7.34168E+11,QM42K2355776,Tidal,US,Sub Stream,1,0.0047616,80,100
2023-04,2023-06,,La Vida Es Una Muerte Que Viene,Sé Que,7.34168E+11,QZMHN2381628,Tidal,US,Sub Stream,1,0.0047616,80,100
2023-04,2023-06,,La Vida Es Una Muerte Que Viene,Tú y Yo,7.34168E+11,QZS652388451,Tidal,US,Sub Stream,2,0.0095232,80,100
2023-04,2023-06,,La Vida Es Una Muerte Que Viene,Déjenme,7.34168E+11,QZS632379385,Tidal,US,Sub Stream,2,0.0095232,80,100
2023-04,2023-06,,La Vida Es Una Muerte Que Viene,La Vida es Una Muerte Que Viene,7.34168E+11,QZS642379955,Tidal,US,Sub Stream,1,0.0047616,80,100
2023-04,2023-06,,La Vida Es Una Muerte Que Viene,Otro Mundo,7.34168E+11,QZMHL2318427,Tidal,US,Sub Stream,2,0.0095232,80,100
2023-04,2023-06,,La Vida Es Una Muerte Que Viene,Quizás Podemos,7.34168E+11,QZMHK2399859,Pandora,US,Unknown Stream,1,0.002772,80,100
2023-04,2023-06,,La Vida Es Una Muerte Que Viene,A Ver,7.34168E+11,QM42K2309623,Pandora,US,Unknown Stream,1,0.002772,80,100
2023-04,2023-06,,La Vida Es Una Muerte Que Viene,Sin Tiempo,7.34168E+11,QM42K2355776,Pandora,US,Unknown Stream,1,0.002772,80,100
2023-04,2023-06,,La Vida Es Una Muerte Que Viene,Sé Que,7.34168E+11,QZMHN2381628,Pandora,US,Unknown Stream,2,0.005544,80,100
2023-04,2023-06,,La Vida Es Una Muerte Que Viene,Tú y Yo,7.34168E+11,QZS652388451,Pandora,US,Unknown Stream,2,0.005544,80,100
2023-04,2023-06,,La Vida Es Una Muerte Que Viene,Quédate,7.34168E+11,QM42K2355071,Pandora,US,Unknown Stream,2,0.005544,80,100
2023-04,2023-06,,La Vida Es Una Muerte Que Viene,Déjenme,7.34168E+11,QZS632379385,Pandora,US,Unknown Stream,1,0.002772,80,100
2023-04,2023-06,,La Vida Es Una Muerte Que Viene,La Vida es Una Muerte Que Viene,7.34168E+11,QZS642379955,Pandora,US,Unknown Stream,2,0.005544,80,100
2023-04,2023-06,,La Vida Es Una Muerte Que Viene,Sin Tiempo,7.34168E+11,QM42K2355776,NetEase,CN,Unknown Stream,1,0.0007269,80,100
2023-04,2023-06,,La Vida Es Una Muerte Que Viene,A Ver,7.34168E+11,QM42K2309623,Facebook,,Unknown Stream,1,0.0011143,80,100
2023-04,2023-06,,La Vida Es Una Muerte Que Viene,Sé Que,7.34168E+11,QZMHN2381628,Facebook,BR,Unknown Stream,10,0.0093336,80,100
2023-04,2023-06,,La Vida Es Una Muerte Que Viene,Sé Que,7.34168E+11,QZMHN2381628,Facebook,US,Unknown Stream,7,0.0287024,80,100
2023-04,2023-06,,La Vida Es Una Muerte Que Viene,Tú y Yo,7.34168E+11,QZS652388451,Facebook,,Unknown Stream,1,0.0011143,80,100
2023-04,2023-06,,La Vida Es Una Muerte Que Viene,Déjenme,7.34168E+11,QZS632379385,Facebook,BR,Unknown Stream,10,0.0093336,80,100
2023-04,2023-06,,La Vida Es Una Muerte Que Viene,Déjenme,7.34168E+11,QZS632379385,Facebook,ES,Unknown Stream,5,0.0120208,80,100
2023-04,2023-06,,La Vida Es Una Muerte Que Viene,Déjenme,7.34168E+11,QZS632379385,Facebook,HN,Unknown Stream,4,0.0040198,80,100
2023-04,2023-06,,La Vida Es Una Muerte Que Viene,Otro Mundo,7.34168E+11,QZMHL2318427,Facebook,,Unknown Stream,1,0.0011143,80,100
2023-05,2023-07,,La Vida Es Una Muerte Que Viene,Quizás Podemos,7.34168E+11,QZMHK2399859,Spotify,CL,Unknown Stream,1,0.0019268,80,100
2023-05,2023-07,,La Vida Es Una Muerte Que Viene,Quizás Podemos,7.34168E+11,QZMHK2399859,Spotify,DE,Unknown Stream,11,0.0139626,80,100
2023-05,2023-07,,La Vida Es Una Muerte Que Viene,Quizás Podemos,7.34168E+11,QZMHK2399859,Spotify,PE,Unknown Stream,1,0.0006279,80,100
2023-05,2023-07,,La Vida Es Una Muerte Que Viene,Quizás Podemos,7.34168E+11,QZMHK2399859,Spotify,US,Unknown Stream,46,0.1162431,80,100
2023-05,2023-07,,La Vida Es Una Muerte Que Viene,A Ver,7.34168E+11,QM42K2309623,Spotify,US,Unknown Stream,37,0.0894974,80,100
2023-05,2023-07,,La Vida Es Una Muerte Que Viene,Sin Tiempo,7.34168E+11,QM42K2355776,Spotify,US,Unknown Stream,39,0.0934891,80,100
2023-05,2023-07,,La Vida Es Una Muerte Que Viene,Sé Que,7.34168E+11,QZMHN2381628,Spotify,US,Unknown Stream,47,0.1238751,80,100
2023-05,2023-07,,La Vida Es Una Muerte Que Viene,Tú y Yo,7.34168E+11,QZS652388451,Spotify,US,Unknown Stream,40,0.1002348,80,100
2023-05,2023-07,,La Vida Es Una Muerte Que Viene,Quédate,7.34168E+11,QM42K2355071,Spotify,JP,Unknown Stream,1,0.0033652,80,100
2023-05,2023-07,,La Vida Es Una Muerte Que Viene,Quédate,7.34168E+11,QM42K2355071,Spotify,US,Unknown Stream,41,0.104905,80,100
2023-05,2023-07,,La Vida Es Una Muerte Que Viene,Déjenme,7.34168E+11,QZS632379385,Spotify,US,Unknown Stream,40,0.0996789,80,100
2023-05,2023-07,,La Vida Es Una Muerte Que Viene,La Vida es Una Muerte Que Viene,7.34168E+11,QZS642379955,Spotify,DE,Unknown Stream,19,0.0361613,80,100
2023-05,2023-07,,La Vida Es Una Muerte Que Viene,La Vida es Una Muerte Que Viene,7.34168E+11,QZS642379955,Spotify,GB,Unknown Stream,2,0.005702,80,100
2023-05,2023-07,,La Vida Es Una Muerte Que Viene,La Vida es Una Muerte Que Viene,7.34168E+11,QZS642379955,Spotify,PE,Unknown Stream,1,0.0006279,80,100
2023-05,2023-07,,La Vida Es Una Muerte Que Viene,La Vida es Una Muerte Que Viene,7.34168E+11,QZS642379955,Spotify,US,Unknown Stream,54,0.1493159,80,100
2023-05,2023-07,,La Vida Es Una Muerte Que Viene,Otro Mundo,7.34168E+11,QZMHL2318427,Spotify,US,Unknown Stream,43,0.1119573,80,100
2023-05,2023-07,Leila Mendes,,Quizás Podemos,,QZMHK2399859,YouTube Music,DE,YouTube Music Ad Views,1,0,80,100
2023-05,2023-07,,,Quizás Podemos,,QZMHK2399859,YouTube Music,US,YouTube Music Ad Views,3,0.0040832,80,100
2023-05,2023-07,Leila Mendes,,A Ver,,QM42K2309623,YouTube Music,MX,YouTube Music Ad Views,1,0,80,100
2023-05,2023-07,,,A Ver,,QM42K2309623,YouTube Music,US,YouTube Music Ad Views,4,0.0025512,80,100
2023-05,2023-07,Leila Mendes,,Sin Tiempo,,QM42K2355776,YouTube Music,US,YouTube Music Ad Views,2,0.006024,80,100
2023-05,2023-07,Leila Mendes,,Sé Que,,QZMHN2381628,YouTube Music,GT,YouTube Music Ad Views,1,0,80,100
2023-05,2023-07,,,Sé Que,,QZMHN2381628,YouTube Music,MX,YouTube Music Ad Views,5,0.000372,80,100
2023-05,2023-07,,,Sé Que,,QZMHN2381628,YouTube Music,NI,YouTube Music Ad Views,2,0,80,100
2023-05,2023-07,,,Sé Que,,QZMHN2381628,YouTube Music,PE,YouTube Music Ad Views,2,0,80,100
2023-05,2023-07,,,Sé Que,,QZMHN2381628,YouTube Music,SV,YouTube Music Ad Views,1,0,80,100
2023-05,2023-07,,,Sé Que,,QZMHN2381628,YouTube Music,US,YouTube Music Ad Views,6,0.0017888,80,100
2023-05,2023-07,Leila Mendes,,Tú y Yo,,QZS652388451,YouTube Music,AR,YouTube Music Ad Views,1,0.0007368,80,100
2023-05,2023-07,,,Tú y Yo,,QZS652388451,YouTube Music,BR,YouTube Music Ad Views,1,0.00032,80,100
2023-05,2023-07,,,Tú y Yo,,QZS652388451,YouTube Music,GR,YouTube Music Ad Views,1,0,80,100
2023-05,2023-07,,,Tú y Yo,,QZS652388451,YouTube Music,GT,YouTube Music Ad Views,1,0,80,100
2023-05,2023-07,,,Tú y Yo,,QZS652388451,YouTube Music,IE,YouTube Music Ad Views,1,0.0003712,80,100
2023-05,2023-07,,,Tú y Yo,,QZS652388451,YouTube Music,IN,YouTube Music Ad Views,1,0,80,100
2023-05,2023-07,,,Tú y Yo,,QZS652388451,YouTube Music,JP,YouTube Music Ad Views,1,0.0044664,80,100
2023-05,2023-07,,,Tú y Yo,,QZS652388451,YouTube Music,MX,YouTube Music Ad Views,8,0.0017064,80,100
2023-05,2023-07,,,Tú y Yo,,QZS652388451,YouTube Music,PH,YouTube Music Ad Views,2,0,80,100
2023-05,2023-07,,,Tú y Yo,,QZS652388451,YouTube Music,SV,YouTube Music Ad Views,1,0,80,100
2023-05,2023-07,,,Tú y Yo,,QZS652388451,YouTube Music,TR,YouTube Music Ad Views,1,0,80,100
2023-05,2023-07,,,Tú y Yo,,QZS652388451,YouTube Music,US,YouTube Music Ad Views,27,0.0583632,80,100
2023-05,2023-07,Leila Mendes,,Quédate,,QM42K2355071,YouTube Music,MX,YouTube Music Ad Views,2,0.0007,80,100
2023-05,2023-07,,,Quédate,,QM42K2355071,YouTube Music,PE,YouTube Music Ad Views,2,0,80,100
2023-05,2023-07,,,Quédate,,QM42K2355071,YouTube Music,US,YouTube Music Ad Views,5,0.0113584,80,100
2023-05,2023-07,Leila Mendes,,Déjenme,,QZS632379385,YouTube Music,CO,YouTube Music Ad Views,2,0,80,100
2023-05,2023-07,,,Déjenme,,QZS632379385,YouTube Music,US,YouTube Music Ad Views,4,0.0117648,80,100
2023-05,2023-07,,,Déjenme,,QZS632379385,YouTube Music,VE,YouTube Music Ad Views,1,0,80,100
2023-05,2023-07,Leila Mendes,,La Vida es Una Muerte Que Viene,,QZS642379955,YouTube Music,EC,YouTube Music Ad Views,1,0,80,100
2023-05,2023-07,,,La Vida es Una Muerte Que Viene,,QZS642379955,YouTube Music,GT,YouTube Music Ad Views,1,0,80,100
2023-05,2023-07,,,La Vida es Una Muerte Que Viene,,QZS642379955,YouTube Music,MX,YouTube Music Ad Views,1,0.0004232,80,100
2023-05,2023-07,,,La Vida es Una Muerte Que Viene,,QZS642379955,YouTube Music,SK,YouTube Music Ad Views,1,0.00076,80,100
2023-05,2023-07,,,La Vida es Una Muerte Que Viene,,QZS642379955,YouTube Music,US,YouTube Music Ad Views,4,0.0121104,80,100
2023-05,2023-07,Leila Mendes,,Otro Mundo,,QZMHL2318427,YouTube Music,MX,YouTube Music Ad Views,1,0,80,100
2023-05,2023-07,,,Otro Mundo,,QZMHL2318427,YouTube Music,US,YouTube Music Ad Views,4,0.0085424,80,100
2023-05,2023-07,,La Vida Es Una Muerte Que Viene,A Ver,7.34168E+11,QM42K2309623,Boomplay,TZ,Unknown Stream,5,0.0031682,80,100
2023-05,2023-07,,La Vida Es Una Muerte Que Viene,Quizás Podemos,7.34168E+11,QZMHK2399859,Apple Music,US,Unknown Stream,5,0.0300224,80,100
2023-05,2023-07,,La Vida Es Una Muerte Que Viene,A Ver,7.34168E+11,QM42K2309623,Apple Music,US,Unknown Stream,7,0.0330024,80,100
2023-05,2023-07,,La Vida Es Una Muerte Que Viene,Sin Tiempo,7.34168E+11,QM42K2355776,Apple Music,US,Unknown Stream,3,0.0164176,80,100
2023-05,2023-07,,La Vida Es Una Muerte Que Viene,Sé Que,7.34168E+11,QZMHN2381628,Apple Music,US,Unknown Stream,5,0.0267048,80,100
2023-05,2023-07,,La Vida Es Una Muerte Que Viene,Tú y Yo,7.34168E+11,QZS652388451,Apple Music,US,Unknown Stream,8,0.0395808,80,100
2023-05,2023-07,,La Vida Es Una Muerte Que Viene,Quédate,7.34168E+11,QM42K2355071,Apple Music,US,Unknown Stream,9,0.0501488,80,100
2023-05,2023-07,,La Vida Es Una Muerte Que Viene,Déjenme,7.34168E+11,QZS632379385,Apple Music,US,Unknown Stream,5,0.0300224,80,100
2023-05,2023-07,,La Vida Es Una Muerte Que Viene,La Vida es Una Muerte Que Viene,7.34168E+11,QZS642379955,Apple Music,US,Unknown Stream,15,0.0952368,80,100
2023-05,2023-07,,La Vida Es Una Muerte Que Viene,Otro Mundo,7.34168E+11,QZMHL2318427,Apple Music,US,Unknown Stream,6,0.0340152,80,100
2023-05,2023-07,,La Vida Es Una Muerte Que Viene,La Vida es Una Muerte Que Viene,7.34168E+11,QZS642379955,Tidal,ES,Sub Stream,1,0.0053872,80,100
2023-05,2023-07,,La Vida Es Una Muerte Que Viene,Sé Que,7.34168E+11,QZMHN2381628,Amazon Music,US,Sub Stream,1,0.0057328,80,100
2023-05,2023-07,,,Quizás Podemos,,QZMHK2399859,YouTube Music,US,YouTube Music Sub Views,1,0.01156,80,100
2023-05,2023-07,,,A Ver,,QM42K2309623,YouTube Music,US,YouTube Music Sub Views,1,0.01156,80,100
2023-05,2023-07,,,Sin Tiempo,,QM42K2355776,YouTube Music,US,YouTube Music Sub Views,1,0.01156,80,100
2023-05,2023-07,,,Sé Que,,QZMHN2381628,YouTube Music,US,YouTube Music Sub Views,1,0.01156,80,100
2023-05,2023-07,,,Tú y Yo,,QZS652388451,YouTube Music,US,YouTube Music Sub Views,1,0.01156,80,100
2023-05,2023-07,,,Quédate,,QM42K2355071,YouTube Music,US,YouTube Music Sub Views,2,0.02312,80,100
2023-05,2023-07,,,Déjenme,,QZS632379385,YouTube Music,US,YouTube Music Sub Views,1,0.01156,80,100
2023-05,2023-07,,,La Vida es Una Muerte Que Viene,,QZS642379955,YouTube Music,US,YouTube Music Sub Views,1,0.01156,80,100
2023-05,2023-07,,,Otro Mundo,,QZMHL2318427,YouTube Music,US,YouTube Music Sub Views,1,0.01156,80,100
2023-05,2023-07,,La Vida Es Una Muerte Que Viene,A Ver,7.34168E+11,QM42K2309623,Facebook,,Unknown Stream,1,0.0010009,80,100
2023-05,2023-07,,La Vida Es Una Muerte Que Viene,Déjenme,7.34168E+11,QZS632379385,Facebook,CL,Unknown Stream,2,0.002448,80,100
2023-05,2023-07,,La Vida Es Una Muerte Que Viene,Déjenme,7.34168E+11,QZS632379385,Facebook,DE,Unknown Stream,6,0.0167255,80,100
2023-05,2023-07,,La Vida Es Una Muerte Que Viene,Déjenme,7.34168E+11,QZS632379385,Facebook,GB,Unknown Stream,4,0.0122613,80,100
2023-05,2023-07,,La Vida Es Una Muerte Que Viene,Déjenme,7.34168E+11,QZS632379385,Facebook,IN,Unknown Stream,8,0.0026633,80,100
2023-05,2023-07,,La Vida Es Una Muerte Que Viene,Déjenme,7.34168E+11,QZS632379385,Facebook,TR,Unknown Stream,6,0.0029494,80,100
2023-06,2023-08,,La Vida Es Una Muerte Que Viene,Quizás Podemos,7.34168E+11,QZMHK2399859,Spotify,CA,Unknown Stream,2,0.0042194,80,100
2023-06,2023-08,,La Vida Es Una Muerte Que Viene,Quizás Podemos,7.34168E+11,QZMHK2399859,Spotify,CL,Unknown Stream,1,0.0020341,80,100
2023-06,2023-08,,La Vida Es Una Muerte Que Viene,Quizás Podemos,7.34168E+11,QZMHK2399859,Spotify,DE,Unknown Stream,9,0.0139811,80,100
2023-06,2023-08,,La Vida Es Una Muerte Que Viene,Quizás Podemos,7.34168E+11,QZMHK2399859,Spotify,ID,Unknown Stream,1,0.0003941,80,100
2023-06,2023-08,,La Vida Es Una Muerte Que Viene,Quizás Podemos,7.34168E+11,QZMHK2399859,Spotify,PE,Unknown Stream,1,0.0006495,80,100
2023-06,2023-08,,La Vida Es Una Muerte Que Viene,Quizás Podemos,7.34168E+11,QZMHK2399859,Spotify,PH,Unknown Stream,1,0.0005172,80,100
2023-06,2023-08,,La Vida Es Una Muerte Que Viene,Quizás Podemos,7.34168E+11,QZMHK2399859,Spotify,SE,Unknown Stream,1,0.0024758,80,100
2023-06,2023-08,,La Vida Es Una Muerte Que Viene,Quizás Podemos,7.34168E+11,QZMHK2399859,Spotify,US,Unknown Stream,38,0.0950633,80,100
2023-06,2023-08,,La Vida Es Una Muerte Que Viene,A Ver,7.34168E+11,QM42K2309623,Spotify,SE,Unknown Stream,1,0.0024758,80,100
2023-06,2023-08,,La Vida Es Una Muerte Que Viene,A Ver,7.34168E+11,QM42K2309623,Spotify,US,Unknown Stream,39,0.0996922,80,100
2023-06,2023-08,,La Vida Es Una Muerte Que Viene,Sin Tiempo,7.34168E+11,QM42K2355776,Spotify,SE,Unknown Stream,1,0.0024758,80,100
2023-06,2023-08,,La Vida Es Una Muerte Que Viene,Sin Tiempo,7.34168E+11,QM42K2355776,Spotify,US,Unknown Stream,30,0.0659718,80,100
2023-06,2023-08,,La Vida Es Una Muerte Que Viene,Sé Que,7.34168E+11,QZMHN2381628,Spotify,PT,Unknown Stream,1,0.001348,80,100
2023-06,2023-08,,La Vida Es Una Muerte Que Viene,Sé Que,7.34168E+11,QZMHN2381628,Spotify,SE,Unknown Stream,2,0.0049517,80,100
2023-06,2023-08,,La Vida Es Una Muerte Que Viene,Sé Que,7.34168E+11,QZMHN2381628,Spotify,US,Unknown Stream,37,0.090116,80,100
2023-06,2023-08,,La Vida Es Una Muerte Que Viene,Tú y Yo,7.34168E+11,QZS652388451,Spotify,PT,Unknown Stream,1,0.001348,80,100
2023-06,2023-08,,La Vida Es Una Muerte Que Viene,Tú y Yo,7.34168E+11,QZS652388451,Spotify,SE,Unknown Stream,1,0.0024758,80,100
2023-06,2023-08,,La Vida Es Una Muerte Que Viene,Tú y Yo,7.34168E+11,QZS652388451,Spotify,US,Unknown Stream,43,0.1164914,80,100
2023-06,2023-08,,La Vida Es Una Muerte Que Viene,Quédate,7.34168E+11,QM42K2355071,Spotify,PT,Unknown Stream,1,0.001348,80,100
2023-06,2023-08,,La Vida Es Una Muerte Que Viene,Quédate,7.34168E+11,QM42K2355071,Spotify,SE,Unknown Stream,1,0.0024758,80,100
2023-06,2023-08,,La Vida Es Una Muerte Que Viene,Quédate,7.34168E+11,QM42K2355071,Spotify,US,Unknown Stream,42,0.1091808,80,100
2023-06,2023-08,,La Vida Es Una Muerte Que Viene,Déjenme,7.34168E+11,QZS632379385,Spotify,PT,Unknown Stream,1,0.001348,80,100
2023-06,2023-08,,La Vida Es Una Muerte Que Viene,Déjenme,7.34168E+11,QZS632379385,Spotify,SE,Unknown Stream,1,0.0024758,80,100
2023-06,2023-08,,La Vida Es Una Muerte Que Viene,Déjenme,7.34168E+11,QZS632379385,Spotify,US,Unknown Stream,40,0.1005718,80,100
2023-06,2023-08,,La Vida Es Una Muerte Que Viene,La Vida es Una Muerte Que Viene,7.34168E+11,QZS642379955,Spotify,DE,Unknown Stream,11,0.0206796,80,100
2023-06,2023-08,,La Vida Es Una Muerte Que Viene,La Vida es Una Muerte Que Viene,7.34168E+11,QZS642379955,Spotify,ES,Unknown Stream,2,0.0027499,80,100
2023-06,2023-08,,La Vida Es Una Muerte Que Viene,La Vida es Una Muerte Que Viene,7.34168E+11,QZS642379955,Spotify,GB,Unknown Stream,1,0.0029457,80,100
2023-06,2023-08,,La Vida Es Una Muerte Que Viene,La Vida es Una Muerte Que Viene,7.34168E+11,QZS642379955,Spotify,MX,Unknown Stream,1,0.0010792,80,100
2023-06,2023-08,,La Vida Es Una Muerte Que Viene,La Vida es Una Muerte Que Viene,7.34168E+11,QZS642379955,Spotify,NL,Unknown Stream,1,0.0022641,80,100
2023-06,2023-08,,La Vida Es Una Muerte Que Viene,La Vida es Una Muerte Que Viene,7.34168E+11,QZS642379955,Spotify,PH,Unknown Stream,1,0.0005172,80,100
2023-06,2023-08,,La Vida Es Una Muerte Que Viene,La Vida es Una Muerte Que Viene,7.34168E+11,QZS642379955,Spotify,PL,Unknown Stream,1,0.0000856,80,100
2023-06,2023-08,,La Vida Es Una Muerte Que Viene,La Vida es Una Muerte Que Viene,7.34168E+11,QZS642379955,Spotify,SE,Unknown Stream,1,0.0024758,80,100
2023-06,2023-08,,La Vida Es Una Muerte Que Viene,La Vida es Una Muerte Que Viene,7.34168E+11,QZS642379955,Spotify,US,Unknown Stream,37,0.0908634,80,100
2023-06,2023-08,,La Vida Es Una Muerte Que Viene,Otro Mundo,7.34168E+11,QZMHL2318427,Spotify,SE,Unknown Stream,1,0.0024758,80,100
2023-06,2023-08,,La Vida Es Una Muerte Que Viene,Otro Mundo,7.34168E+11,QZMHL2318427,Spotify,US,Unknown Stream,32,0.0741517,80,100
2023-06,2023-08,,,Tú y Yo,,QZS652388451,YouTube Music,MX,YouTube Music Ad Views,2,0,80,100
2023-06,2023-08,,,Tú y Yo,,QZS652388451,YouTube Music,US,YouTube Music Ad Views,3,0.00152,80,100
2023-06,2023-08,,,Quédate,,QM42K2355071,YouTube Music,US,YouTube Music Ad Views,1,0,80,100
2023-06,2023-08,,,La Vida es Una Muerte Que Viene,,QZS642379955,YouTube Music,US,YouTube Music Ad Views,1,0.0029064,80,100
2023-06,2023-08,,La Vida Es Una Muerte Que Viene,Quizás Podemos,7.34168E+11,QZMHK2399859,Apple Music,US,Unknown Stream,3,0.0099072,80,100
2023-06,2023-08,,La Vida Es Una Muerte Que Viene,A Ver,7.34168E+11,QM42K2309623,Apple Music,US,Unknown Stream,15,0.0498312,80,100
2023-06,2023-08,,La Vida Es Una Muerte Que Viene,Sin Tiempo,7.34168E+11,QM42K2355776,Apple Music,US,Unknown Stream,3,0.0104,80,100
2023-06,2023-08,,La Vida Es Una Muerte Que Viene,Sé Que,7.34168E+11,QZMHN2381628,Apple Music,US,Unknown Stream,15,0.0498312,80,100
2023-06,2023-08,,La Vida Es Una Muerte Que Viene,Tú y Yo,7.34168E+11,QZS652388451,Apple Music,US,Unknown Stream,17,0.0561408,80,100
2023-06,2023-08,,La Vida Es Una Muerte Que Viene,Quédate,7.34168E+11,QM42K2355071,Apple Music,US,Unknown Stream,17,0.056436,80,100
2023-06,2023-08,,La Vida Es Una Muerte Que Viene,Déjenme,7.34168E+11,QZS632379385,Apple Music,US,Unknown Stream,4,0.016484,80,100
2023-06,2023-08,,La Vida Es Una Muerte Que Viene,La Vida es Una Muerte Que Viene,7.34168E+11,QZS642379955,Apple Music,US,Unknown Stream,14,0.049508,80,100
2023-06,2023-08,,La Vida Es Una Muerte Que Viene,Otro Mundo,7.34168E+11,QZMHL2318427,Apple Music,US,Unknown Stream,2,0.0066048,80,100
2023-07,2023-09,,La Vida Es Una Muerte Que Viene,Quizás Podemos,7.34168E+11,QZMHK2399859,Spotify,AR,Unknown Stream,1,0.0009095,80,100
2023-07,2023-09,,La Vida Es Una Muerte Que Viene,Quizás Podemos,7.34168E+11,QZMHK2399859,Spotify,DE,Unknown Stream,9,0.0118205,80,100
2023-07,2023-09,,La Vida Es Una Muerte Que Viene,Quizás Podemos,7.34168E+11,QZMHK2399859,Spotify,US,Unknown Stream,25,0.0659649,80,100
2023-07,2023-09,,La Vida Es Una Muerte Que Viene,A Ver,7.34168E+11,QM42K2309623,Spotify,PE,Unknown Stream,1,0.0006497,80,100
2023-07,2023-09,,La Vida Es Una Muerte Que Viene,A Ver,7.34168E+11,QM42K2309623,Spotify,US,Unknown Stream,23,0.0584596,80,100
2023-07,2023-09,,La Vida Es Una Muerte Que Viene,Sin Tiempo,7.34168E+11,QM42K2355776,Spotify,PE,Unknown Stream,3,0.0019492,80,100
2023-07,2023-09,,La Vida Es Una Muerte Que Viene,Sin Tiempo,7.34168E+11,QM42K2355776,Spotify,US,Unknown Stream,20,0.0479197,80,100
2023-07,2023-09,,La Vida Es Una Muerte Que Viene,Sé Que,7.34168E+11,QZMHN2381628,Spotify,PE,Unknown Stream,3,0.0019492,80,100
2023-07,2023-09,,La Vida Es Una Muerte Que Viene,Sé Que,7.34168E+11,QZMHN2381628,Spotify,US,Unknown Stream,24,0.0595681,80,100
2023-07,2023-09,,La Vida Es Una Muerte Que Viene,Tú y Yo,7.34168E+11,QZS652388451,Spotify,US,Unknown Stream,36,0.1096516,80,100
2023-07,2023-09,,La Vida Es Una Muerte Que Viene,Quédate,7.34168E+11,QM42K2355071,Spotify,US,Unknown Stream,23,0.056297,80,100
2023-07,2023-09,,La Vida Es Una Muerte Que Viene,Déjenme,7.34168E+11,QZS632379385,Spotify,US,Unknown Stream,23,0.0574965,80,100
2023-07,2023-09,,La Vida Es Una Muerte Que Viene,La Vida es Una Muerte Que Viene,7.34168E+11,QZS642379955,Spotify,AU,Unknown Stream,1,0.0027844,80,100
2023-07,2023-09,,La Vida Es Una Muerte Que Viene,La Vida es Una Muerte Que Viene,7.34168E+11,QZS642379955,Spotify,DE,Unknown Stream,20,0.0375211,80,100
2023-07,2023-09,,La Vida Es Una Muerte Que Viene,La Vida es Una Muerte Que Viene,7.34168E+11,QZS642379955,Spotify,PE,Unknown Stream,4,0.002599,80,100
2023-07,2023-09,,La Vida Es Una Muerte Que Viene,La Vida es Una Muerte Que Viene,7.34168E+11,QZS642379955,Spotify,US,Unknown Stream,25,0.064383,80,100
2023-07,2023-09,,La Vida Es Una Muerte Que Viene,Otro Mundo,7.34168E+11,QZMHL2318427,Spotify,PE,Unknown Stream,3,0.0019492,80,100
2023-07,2023-09,,La Vida Es Una Muerte Que Viene,Otro Mundo,7.34168E+11,QZMHL2318427,Spotify,US,Unknown Stream,21,0.0521539,80,100
2023-07,2023-09,,,Sin Tiempo,,QM42K2355776,YouTube Music,MX,YouTube Music Ad Views,1,0.0005,80,100
2023-07,2023-09,,,Sé Que,,QZMHN2381628,YouTube Music,MX,YouTube Music Ad Views,1,0,80,100
2023-07,2023-09,,,Tú y Yo,,QZS652388451,YouTube Music,GT,YouTube Music Ad Views,1,0,80,100
2023-07,2023-09,,,Tú y Yo,,QZS652388451,YouTube Music,MX,YouTube Music Ad Views,1,0,80,100
2023-07,2023-09,,,Quédate,,QM42K2355071,YouTube Music,VE,YouTube Music Ad Views,1,0,80,100
2023-07,2023-09,,,Déjenme,,QZS632379385,YouTube Music,PE,YouTube Music Ad Views,2,0.0008352,80,100
2023-07,2023-09,,,Otro Mundo,,QZMHL2318427,YouTube Music,FR,YouTube Music Ad Views,0,0.0013288,80,100
2023-07,2023-09,,,Otro Mundo,,QZMHL2318427,YouTube Music,MX,YouTube Music Ad Views,1,0,80,100
2023-07,2023-09,,,Otro Mundo,,QZMHL2318427,YouTube Music,US,YouTube Music Ad Views,1,0.0071328,80,100
2023-07,2023-09,,La Vida Es Una Muerte Que Viene,Quizás Podemos,7.34168E+11,QZMHK2399859,Apple Music,US,Unknown Stream,1,0.0060896,80,100
2023-07,2023-09,,La Vida Es Una Muerte Que Viene,A Ver,7.34168E+11,QM42K2309623,Apple Music,US,Unknown Stream,1,0.0034128,80,100
2023-07,2023-09,,La Vida Es Una Muerte Que Viene,Sé Que,7.34168E+11,QZMHN2381628,Apple Music,US,Unknown Stream,1,0.0060896,80,100
2023-07,2023-09,,La Vida Es Una Muerte Que Viene,Tú y Yo,7.34168E+11,QZS652388451,Apple Music,US,Unknown Stream,1,0.0069904,80,100
2023-07,2023-09,,La Vida Es Una Muerte Que Viene,La Vida es Una Muerte Que Viene,7.34168E+11,QZS642379955,Apple Music,US,Unknown Stream,1,0.0060896,80,100
2023-07,2023-09,,La Vida Es Una Muerte Que Viene,Déjenme,7.34168E+11,QZS632379385,Facebook,,Unknown Stream,1,0.0008276,80,100
2023-08,2023-10,,La Vida Es Una Muerte Que Viene,Quizás Podemos,7.34168E+11,QZMHK2399859,Spotify,DE,Unknown Stream,7,0.0097479,80,100
2023-08,2023-10,,La Vida Es Una Muerte Que Viene,Quizás Podemos,7.34168E+11,QZMHK2399859,Spotify,ID,Unknown Stream,1,0.0003815,80,100
2023-08,2023-10,,La Vida Es Una Muerte Que Viene,Quizás Podemos,7.34168E+11,QZMHK2399859,Spotify,PE,Unknown Stream,1,0.0006328,80,100
2023-08,2023-10,,La Vida Es Una Muerte Que Viene,Quizás Podemos,7.34168E+11,QZMHK2399859,Spotify,US,Unknown Stream,17,0.0360662,80,100
2023-08,2023-10,,La Vida Es Una Muerte Que Viene,A Ver,7.34168E+11,QM42K2309623,Spotify,US,Unknown Stream,16,0.0342442,80,100
2023-08,2023-10,,La Vida Es Una Muerte Que Viene,Sin Tiempo,7.34168E+11,QM42K2355776,Spotify,US,Unknown Stream,16,0.0332996,80,100
2023-08,2023-10,,La Vida Es Una Muerte Que Viene,Sé Que,7.34168E+11,QZMHN2381628,Spotify,AR,Unknown Stream,1,0.0006759,80,100
2023-08,2023-10,,La Vida Es Una Muerte Que Viene,Sé Que,7.34168E+11,QZMHN2381628,Spotify,SE,Unknown Stream,1,0.0046215,80,100
2023-08,2023-10,,La Vida Es Una Muerte Que Viene,Sé Que,7.34168E+11,QZMHN2381628,Spotify,US,Unknown Stream,18,0.0415694,80,100
2023-08,2023-10,,La Vida Es Una Muerte Que Viene,Tú y Yo,7.34168E+11,QZS652388451,Spotify,US,Unknown Stream,21,0.052085,80,100
2023-08,2023-10,,La Vida Es Una Muerte Que Viene,Quédate,7.34168E+11,QM42K2355071,Spotify,AR,Unknown Stream,1,0.0006759,80,100
2023-08,2023-10,,La Vida Es Una Muerte Que Viene,Quédate,7.34168E+11,QM42K2355071,Spotify,SE,Unknown Stream,2,0.0092431,80,100
2023-08,2023-10,,La Vida Es Una Muerte Que Viene,Quédate,7.34168E+11,QM42K2355071,Spotify,US,Unknown Stream,19,0.0435767,80,100
2023-08,2023-10,,La Vida Es Una Muerte Que Viene,Déjenme,7.34168E+11,QZS632379385,Spotify,US,Unknown Stream,18,0.0415694,80,100
2023-08,2023-10,,La Vida Es Una Muerte Que Viene,La Vida es Una Muerte Que Viene,7.34168E+11,QZS642379955,Spotify,DE,Unknown Stream,2,0.005276,80,100
2023-08,2023-10,,La Vida Es Una Muerte Que Viene,La Vida es Una Muerte Que Viene,7.34168E+11,QZS642379955,Spotify,MX,Unknown Stream,1,0.0010811,80,100
2023-08,2023-10,,La Vida Es Una Muerte Que Viene,La Vida es Una Muerte Que Viene,7.34168E+11,QZS642379955,Spotify,US,Unknown Stream,17,0.0374345,80,100
2023-08,2023-10,,La Vida Es Una Muerte Que Viene,Otro Mundo,7.34168E+11,QZMHL2318427,Spotify,US,Unknown Stream,19,0.0457044,80,100
2023-08,2023-10,,,Otro Mundo,,QZMHL2318427,YouTube Music,US,YouTube Music Sub Views,1,0.0066696,80,100
2023-08,2023-10,,La Vida Es Una Muerte Que Viene,Quizás Podemos,7.34168E+11,QZMHK2399859,Apple Music,US,Unknown Stream,2,0.011712,80,100
2023-08,2023-10,,La Vida Es Una Muerte Que Viene,A Ver,7.34168E+11,QM42K2309623,Apple Music,US,Unknown Stream,2,0.0127088,80,100
2023-08,2023-10,,La Vida Es Una Muerte Que Viene,Quédate,7.34168E+11,QM42K2355071,Apple Music,FR,Unknown Stream,1,0.0073807,80,100
2023-08,2023-10,,La Vida Es Una Muerte Que Viene,Quédate,7.34168E+11,QM42K2355071,Apple Music,US,Unknown Stream,1,0.005856,80,100
2023-08,2023-10,,La Vida Es Una Muerte Que Viene,La Vida es Una Muerte Que Viene,7.34168E+11,QZS642379955,Apple Music,US,Unknown Stream,1,0.005856,80,100
2023-08,2023-10,,La Vida Es Una Muerte Que Viene,Otro Mundo,7.34168E+11,QZMHL2318427,Apple Music,US,Unknown Stream,1,0.005856,80,100
2023-08,2023-10,,,Tú y Yo,,QZS652388451,YouTube Music,PE,YouTube Music Ad Views,1,0,80,100
2023-08,2023-10,,,Déjenme,,QZS632379385,YouTube Music,FR,YouTube Music Ad Views,1,0,80,100
2023-09,2023-11,,La Vida Es Una Muerte Que Viene,Quizás Podemos,7.34168E+11,QZMHK2399859,Spotify,CL,Unknown Stream,1,0.000059,80,100
2023-09,2023-11,,La Vida Es Una Muerte Que Viene,Quizás Podemos,7.34168E+11,QZMHK2399859,Spotify,DE,Unknown Stream,7,0.0102393,80,100
2023-09,2023-11,,La Vida Es Una Muerte Que Viene,Quizás Podemos,7.34168E+11,QZMHK2399859,Spotify,PE,Unknown Stream,1,0.0006256,80,100
2023-09,2023-11,,La Vida Es Una Muerte Que Viene,Quizás Podemos,7.34168E+11,QZMHK2399859,Spotify,US,Unknown Stream,57,0.1655709,80,100
2023-09,2023-11,,La Vida Es Una Muerte Que Viene,A Ver,7.34168E+11,QM42K2309623,Spotify,US,Unknown Stream,55,0.154225,80,100
2023-09,2023-11,,La Vida Es Una Muerte Que Viene,Sin Tiempo,7.34168E+11,QM42K2355776,Spotify,US,Unknown Stream,62,0.1865547,80,100
2023-09,2023-11,,La Vida Es Una Muerte Que Viene,Sé Que,7.34168E+11,QZMHN2381628,Spotify,US,Unknown Stream,76,0.2425581,80,100
2023-09,2023-11,,La Vida Es Una Muerte Que Viene,Tú y Yo,7.34168E+11,QZS652388451,Spotify,JP,Unknown Stream,1,0.0027099,80,100
2023-09,2023-11,,La Vida Es Una Muerte Que Viene,Tú y Yo,7.34168E+11,QZS652388451,Spotify,US,Unknown Stream,71,0.2253629,80,100
2023-09,2023-11,,La Vida Es Una Muerte Que Viene,Quédate,7.34168E+11,QM42K2355071,Spotify,US,Unknown Stream,68,0.2071466,80,100
2023-09,2023-11,,La Vida Es Una Muerte Que Viene,Déjenme,7.34168E+11,QZS632379385,Spotify,US,Unknown Stream,71,0.2244394,80,100
2023-09,2023-11,,La Vida Es Una Muerte Que Viene,La Vida es Una Muerte Que Viene,7.34168E+11,QZS642379955,Spotify,US,Unknown Stream,66,0.2044567,80,100
2023-09,2023-11,,La Vida Es Una Muerte Que Viene,Otro Mundo,7.34168E+11,QZMHL2318427,Spotify,US,Unknown Stream,54,0.1521443,80,100
2023-09,2023-11,,,Sé Que,,QZMHN2381628,YouTube Music,MX,YouTube Music Ad Views,1,0,80,100
2023-09,2023-11,,,Déjenme,,QZS632379385,YouTube Music,DO,YouTube Music Ad Views,1,0,80,100
2023-09,2023-11,,La Vida Es Una Muerte Que Viene,Quizás Podemos,7.34168E+11,QZMHK2399859,Apple Music,US,Unknown Stream,2,0.006616,80,100
2023-09,2023-11,,La Vida Es Una Muerte Que Viene,A Ver,7.34168E+11,QM42K2309623,Apple Music,US,Unknown Stream,2,0.0101528,80,100
2023-09,2023-11,,La Vida Es Una Muerte Que Viene,Sin Tiempo,7.34168E+11,QM42K2355776,Apple Music,US,Unknown Stream,2,0.0078768,80,100
2023-09,2023-11,,La Vida Es Una Muerte Que Viene,Sé Que,7.34168E+11,QZMHN2381628,Apple Music,US,Unknown Stream,1,0.003308,80,100
2023-09,2023-11,,La Vida Es Una Muerte Que Viene,Tú y Yo,7.34168E+11,QZS652388451,Apple Music,US,Unknown Stream,1,0.003308,80,100
2023-09,2023-11,,La Vida Es Una Muerte Que Viene,Quédate,7.34168E+11,QM42K2355071,Apple Music,US,Unknown Stream,2,0.0101528,80,100
2023-09,2023-11,,La Vida Es Una Muerte Que Viene,Déjenme,7.34168E+11,QZS632379385,Apple Music,US,Unknown Stream,1,0.003308,80,100
2023-09,2023-11,,La Vida Es Una Muerte Que Viene,La Vida es Una Muerte Que Viene,7.34168E+11,QZS642379955,Apple Music,US,Unknown Stream,1,0.003308,80,100
2023-09,2023-11,,La Vida Es Una Muerte Que Viene,Otro Mundo,7.34168E+11,QZMHL2318427,Apple Music,US,Unknown Stream,1,0.003308,80,100
2023-09,2023-11,,La Vida Es Una Muerte Que Viene,Quizás Podemos,7.34168E+11,QZMHK2399859,Amazon Music,GB,Sub Stream,1,0.0029273,80,100
2023-10,2023-12,,La Vida Es Una Muerte Que Viene,Quizás Podemos,7.34168E+11,QZMHK2399859,Spotify,CL,Unknown Stream,2,0.0008286,80,100
2023-10,2023-12,,La Vida Es Una Muerte Que Viene,Quizás Podemos,7.34168E+11,QZMHK2399859,Spotify,CO,Unknown Stream,1,0.0006279,80,100
2023-10,2023-12,,La Vida Es Una Muerte Que Viene,Quizás Podemos,7.34168E+11,QZMHK2399859,Spotify,DE,Unknown Stream,42,0.0734464,80,100
2023-10,2023-12,,La Vida Es Una Muerte Que Viene,Quizás Podemos,7.34168E+11,QZMHK2399859,Spotify,ES,Unknown Stream,1,0.0036479,80,100
2023-10,2023-12,,La Vida Es Una Muerte Que Viene,Quizás Podemos,7.34168E+11,QZMHK2399859,Spotify,US,Unknown Stream,16,0.0401726,80,100
2023-10,2023-12,,La Vida Es Una Muerte Que Viene,A Ver,7.34168E+11,QM42K2309623,Spotify,US,Unknown Stream,10,0.0212937,80,100
2023-10,2023-12,,La Vida Es Una Muerte Que Viene,Sin Tiempo,7.34168E+11,QM42K2355776,Spotify,US,Unknown Stream,13,0.0340465,80,100
2023-10,2023-12,,La Vida Es Una Muerte Que Viene,Sé Que,7.34168E+11,QZMHN2381628,Spotify,US,Unknown Stream,19,0.0561476,80,100
2023-10,2023-12,,La Vida Es Una Muerte Que Viene,Tú y Yo,7.34168E+11,QZS652388451,Spotify,US,Unknown Stream,21,0.0570153,80,100
2023-10,2023-12,,La Vida Es Una Muerte Que Viene,Quédate,7.34168E+11,QM42K2355071,Spotify,US,Unknown Stream,15,0.0369509,80,100
2023-10,2023-12,,La Vida Es Una Muerte Que Viene,Déjenme,7.34168E+11,QZS632379385,Spotify,US,Unknown Stream,18,0.048122,80,100
2023-10,2023-12,,La Vida Es Una Muerte Que Viene,La Vida es Una Muerte Que Viene,7.34168E+11,QZS642379955,Spotify,US,Unknown Stream,14,0.0423372,80,100
2023-10,2023-12,,La Vida Es Una Muerte Que Viene,Otro Mundo,7.34168E+11,QZMHL2318427,Spotify,US,Unknown Stream,11,0.023423,80,100
2023-10,2023-12,,,Quédate,,QM42K2355071,YouTube Music,BO,YouTube Music Ad Views,1,0,80,100
2023-10,2023-12,,,Otro Mundo,,QZMHL2318427,YouTube Music,MX,YouTube Music Ad Views,2,0,80,100
2023-10,2023-12,,La Vida Es Una Muerte Que Viene,Quizás Podemos,7.34168E+11,QZMHK2399859,Apple Music,US,Unknown Stream,2,0.0114568,80,100
2023-10,2023-12,,La Vida Es Una Muerte Que Viene,Sin Tiempo,7.34168E+11,QM42K2355776,Apple Music,US,Unknown Stream,2,0.0088976,80,100
2023-10,2023-12,,La Vida Es Una Muerte Que Viene,Déjenme,7.34168E+11,QZS632379385,Apple Music,US,Unknown Stream,2,0.0088976,80,100
2023-10,2023-12,,La Vida Es Una Muerte Que Viene,La Vida es Una Muerte Que Viene,7.34168E+11,QZS642379955,Apple Music,US,Unknown Stream,1,0.0044488,80,100
2023-10,2023-12,,La Vida Es Una Muerte Que Viene,Otro Mundo,7.34168E+11,QZMHL2318427,Apple Music,US,Unknown Stream,1,0.0044488,80,100
2023-10,2023-12,,La Vida Es Una Muerte Que Viene,Quédate,7.34168E+11,QM42K2355071,Anghami,EG,Sub Stream,1,0.0004402,80,100
2023-11,2024-01,,La Vida Es Una Muerte Que Viene,Quizás Podemos,7.34168E+11,QZMHK2399859,Spotify,BE,Unknown Stream,1,0.0045797,80,100
2023-11,2024-01,,La Vida Es Una Muerte Que Viene,Quizás Podemos,7.34168E+11,QZMHK2399859,Spotify,DE,Unknown Stream,39,0.0761159,80,100
2023-11,2024-01,,La Vida Es Una Muerte Que Viene,Quizás Podemos,7.34168E+11,QZMHK2399859,Spotify,GB,Unknown Stream,1,0.0020854,80,100
2023-11,2024-01,,La Vida Es Una Muerte Que Viene,Quizás Podemos,7.34168E+11,QZMHK2399859,Spotify,MX,Unknown Stream,1,0.0009632,80,100
2023-11,2024-01,,La Vida Es Una Muerte Que Viene,Quizás Podemos,7.34168E+11,QZMHK2399859,Spotify,PE,Unknown Stream,1,0.0005976,80,100
2023-11,2024-01,,La Vida Es Una Muerte Que Viene,Quizás Podemos,7.34168E+11,QZMHK2399859,Spotify,US,Unknown Stream,21,0.0503123,80,100
2023-11,2024-01,,La Vida Es Una Muerte Que Viene,A Ver,7.34168E+11,QM42K2309623,Spotify,US,Unknown Stream,17,0.0358359,80,100
2023-11,2024-01,,La Vida Es Una Muerte Que Viene,Sin Tiempo,7.34168E+11,QM42K2355776,Spotify,PE,Unknown Stream,1,0.0005976,80,100
2023-11,2024-01,,La Vida Es Una Muerte Que Viene,Sin Tiempo,7.34168E+11,QM42K2355776,Spotify,US,Unknown Stream,20,0.0478587,80,100
2023-11,2024-01,,La Vida Es Una Muerte Que Viene,Sé Que,7.34168E+11,QZMHN2381628,Spotify,US,Unknown Stream,19,0.0451431,80,100
2023-11,2024-01,,La Vida Es Una Muerte Que Viene,Tú y Yo,7.34168E+11,QZS652388451,Spotify,US,Unknown Stream,22,0.051766,80,100
2023-11,2024-01,,La Vida Es Una Muerte Que Viene,Quédate,7.34168E+11,QM42K2355071,Spotify,US,Unknown Stream,19,0.0441741,80,100
2023-11,2024-01,,La Vida Es Una Muerte Que Viene,Déjenme,7.34168E+11,QZS632379385,Spotify,US,Unknown Stream,18,0.0404895,80,100
2023-11,2024-01,,La Vida Es Una Muerte Que Viene,La Vida es Una Muerte Que Viene,7.34168E+11,QZS642379955,Spotify,DE,Unknown Stream,1,0.0042693,80,100
2023-11,2024-01,,La Vida Es Una Muerte Que Viene,La Vida es Una Muerte Que Viene,7.34168E+11,QZS642379955,Spotify,US,Unknown Stream,19,0.0435508,80,100
2023-11,2024-01,,La Vida Es Una Muerte Que Viene,Otro Mundo,7.34168E+11,QZMHL2318427,Spotify,PE,Unknown Stream,1,0.0005976,80,100
2023-11,2024-01,,La Vida Es Una Muerte Que Viene,Otro Mundo,7.34168E+11,QZMHL2318427,Spotify,US,Unknown Stream,17,0.0358359,80,100
2023-11,2024-01,,,Otro Mundo,,QZMHL2318427,YouTube Music,IL,YouTube Music Sub Views,1,0.0059312,80,100
2023-11,2024-01,,,Tú y Yo,,QZS652388451,YouTube Music,PT,YouTube Music Ad Views,1,0,80,100
2023-11,2024-01,,,Quédate,,QM42K2355071,YouTube Music,US,YouTube Music Ad Views,1,0.0050732,80,100
2023-11,2024-01,,,La Vida es Una Muerte Que Viene,,QZS642379955,YouTube Music,MX,YouTube Music Ad Views,2,0,80,100
2023-11,2024-01,,La Vida Es Una Muerte Que Viene,A Ver,7.34168E+11,QM42K2309623,Apple Music,US,Unknown Stream,2,0.007752,80,100
2023-11,2024-01,,La Vida Es Una Muerte Que Viene,Otro Mundo,7.34168E+11,QZMHL2318427,Apple Music,US,Unknown Stream,1,0.003876,80,100
2023-11,2024-01,,La Vida Es Una Muerte Que Viene,Déjenme,7.34168E+11,QZS632379385,Facebook,,Unknown Stream,1,0.0010068,80,100
2023-11,2024-01,,La Vida Es Una Muerte Que Viene,Sin Tiempo,7.34168E+11,QM42K2355776,NetEase,CN,Unknown Stream,2,0.0013711,80,100
2023-12,2024-02,,La Vida Es Una Muerte Que Viene,Quizás Podemos,7.34168E+11,QZMHK2399859,Spotify,AT,Unknown Stream,1,0.0021091,80,100
2023-12,2024-02,,La Vida Es Una Muerte Que Viene,Quizás Podemos,7.34168E+11,QZMHK2399859,Spotify,DE,Unknown Stream,15,0.0257967,80,100
2023-12,2024-02,,La Vida Es Una Muerte Que Viene,Quizás Podemos,7.34168E+11,QZMHK2399859,Spotify,PE,Unknown Stream,1,0.0006062,80,100
2023-12,2024-02,,La Vida Es Una Muerte Que Viene,Quizás Podemos,7.34168E+11,QZMHK2399859,Spotify,PH,Unknown Stream,1,0.0004294,80,100
2023-12,2024-02,,La Vida Es Una Muerte Que Viene,Quizás Podemos,7.34168E+11,QZMHK2399859,Spotify,US,Unknown Stream,3,0.0061549,80,100
2023-12,2024-02,,La Vida Es Una Muerte Que Viene,Sin Tiempo,7.34168E+11,QM42K2355776,Spotify,US,Unknown Stream,2,0.0056591,80,100
2023-12,2024-02,,La Vida Es Una Muerte Que Viene,Sé Que,7.34168E+11,QZMHN2381628,Spotify,PE,Unknown Stream,1,0.0006062,80,100
2023-12,2024-02,,La Vida Es Una Muerte Que Viene,Sé Que,7.34168E+11,QZMHN2381628,Spotify,US,Unknown Stream,2,0.0082449,80,100
2023-12,2024-02,,La Vida Es Una Muerte Que Viene,Tú y Yo,7.34168E+11,QZS652388451,Spotify,US,Unknown Stream,4,0.0158862,80,100
2023-12,2024-02,,La Vida Es Una Muerte Que Viene,Quédate,7.34168E+11,QM42K2355071,Spotify,US,Unknown Stream,1,0.0046063,80,100
2023-12,2024-02,,La Vida Es Una Muerte Que Viene,La Vida es Una Muerte Que Viene,7.34168E+11,QZS642379955,Spotify,PE,Unknown Stream,1,0.0006062,80,100
2023-12,2024-02,,La Vida Es Una Muerte Que Viene,Otro Mundo,7.34168E+11,QZMHL2318427,Spotify,PE,Unknown Stream,1,0.0006062,80,100
2023-12,2024-02,,La Vida Es Una Muerte Que Viene,Otro Mundo,7.34168E+11,QZMHL2318427,Spotify,US,Unknown Stream,1,0.0046063,80,100
2023-12,2024-02,,La Vida Es Una Muerte Que Viene,Sin Tiempo,7.34168E+11,QM42K2355776,Apple Music,US,Unknown Stream,1,0.0045192,80,100
2023-12,2024-02,,La Vida Es Una Muerte Que Viene,Tú y Yo,7.34168E+11,QZS652388451,Apple Music,US,Unknown Stream,1,0.0072968,80,100
2023-12,2024-02,,La Vida Es Una Muerte Que Viene,Quédate,7.34168E+11,QM42K2355071,Apple Music,US,Unknown Stream,2,0.0145936,80,100
2023-12,2024-02,,La Vida Es Una Muerte Que Viene,Déjenme,7.34168E+11,QZS632379385,Apple Music,US,Unknown Stream,2,0.0145936,80,100
2023-12,2024-02,,La Vida Es Una Muerte Que Viene,La Vida es Una Muerte Que Viene,7.34168E+11,QZS642379955,Apple Music,US,Unknown Stream,1,0.0045192,80,100
2023-12,2024-02,,La Vida Es Una Muerte Que Viene,Tú y Yo,7.34168E+11,QZS652388451,Amazon Music,IT,Sub Stream,1,0.001415,80,100
2023-12,2024-02,,,Quizás Podemos,,QZMHK2399859,YouTube Music,MX,YouTube Music Ad Views,1,0,80,100
2023-12,2024-02,,,Sé Que,,QZMHN2381628,YouTube Music,MX,YouTube Music Ad Views,1,0,80,100
2024-01,2024-03,,La Vida Es Una Muerte Que Viene,Quizás Podemos,7.34168E+11,QZMHK2399859,Spotify,DE,Unknown Stream,10,0.0100334,80,100
2024-01,2024-03,,La Vida Es Una Muerte Que Viene,Quizás Podemos,7.34168E+11,QZMHK2399859,Spotify,MX,Unknown Stream,1,0.0009645,80,100
2024-01,2024-03,,La Vida Es Una Muerte Que Viene,Quizás Podemos,7.34168E+11,QZMHK2399859,Spotify,US,Unknown Stream,9,0.0304857,80,100
2024-01,2024-03,,La Vida Es Una Muerte Que Viene,A Ver,7.34168E+11,QM42K2309623,Spotify,US,Unknown Stream,6,0.0253991,80,100
2024-01,2024-03,,La Vida Es Una Muerte Que Viene,Sin Tiempo,7.34168E+11,QM42K2355776,Spotify,US,Unknown Stream,5,0.0232881,80,100
2024-01,2024-03,,La Vida Es Una Muerte Que Viene,Sé Que,7.34168E+11,QZMHN2381628,Spotify,US,Unknown Stream,9,0.039372,80,100
2024-01,2024-03,,La Vida Es Una Muerte Que Viene,Tú y Yo,7.34168E+11,QZS652388451,Spotify,US,Unknown Stream,8,0.037261,80,100
2024-01,2024-03,,La Vida Es Una Muerte Que Viene,Quédate,7.34168E+11,QM42K2355071,Spotify,US,Unknown Stream,7,0.0326034,80,100
2024-01,2024-03,,La Vida Es Una Muerte Que Viene,Déjenme,7.34168E+11,QZS632379385,Spotify,US,Unknown Stream,6,0.0253991,80,100
2024-01,2024-03,,La Vida Es Una Muerte Que Viene,La Vida es Una Muerte Que Viene,7.34168E+11,QZS642379955,Spotify,US,Unknown Stream,5,0.0232881,80,100
2024-01,2024-03,,La Vida Es Una Muerte Que Viene,Otro Mundo,7.34168E+11,QZMHL2318427,Spotify,US,Unknown Stream,8,0.0346112,80,100
2024-01,2024-03,,La Vida Es Una Muerte Que Viene,Sin Tiempo,7.34168E+11,QM42K2355776,Amazon Music,IT,Sub Stream,1,0.0009507,80,100
2024-01,2024-03,,La Vida Es Una Muerte Que Viene,Quédate,7.34168E+11,QM42K2355071,Amazon Music,IT,Sub Stream,1,0.0009507,80,100
2024-01,2024-03,,La Vida Es Una Muerte Que Viene,Otro Mundo,7.34168E+11,QZMHL2318427,Amazon Music,IT,Sub Stream,1,0.0009507,80,100
2024-01,2024-03,,,Sé Que,,QZMHN2381628,YouTube Music,PE,YouTube Music Ad Views,1,0,80,100
2024-01,2024-03,,,Tú y Yo,,QZS652388451,YouTube Music,DO,YouTube Music Ad Views,1,0.0004074,80,100
2024-01,2024-03,,,Tú y Yo,,QZS652388451,YouTube Music,US,YouTube Music Ad Views,1,0,80,100
2024-01,2024-03,,,Quédate,,QM42K2355071,YouTube Music,DZ,YouTube Music Ad Views,1,0,80,100
2024-01,2024-03,,La Vida Es Una Muerte Que Viene,A Ver,7.34168E+11,QM42K2309623,Apple Music,US,Unknown Stream,2,0.0139472,80,100
2024-01,2024-03,,La Vida Es Una Muerte Que Viene,Sé Que,7.34168E+11,QZMHN2381628,Apple Music,US,Unknown Stream,2,0.0139472,80,100
2024-01,2024-03,,La Vida Es Una Muerte Que Viene,Tú y Yo,7.34168E+11,QZS652388451,Apple Music,US,Unknown Stream,1,0.0069736,80,100
2024-02,2024-04,,La Vida Es Una Muerte Que Viene,A Ver,7.34168E+11,QM42K2309623,Boomplay,TZ,Unknown Stream,1,0.0006336,80,100
2024-02,2024-04,,La Vida Es Una Muerte Que Viene,Quizás Podemos,7.34168E+11,QZMHK2399859,Spotify,DE,Unknown Stream,5,0.0054261,80,100
2024-02,2024-04,,La Vida Es Una Muerte Que Viene,Quizás Podemos,7.34168E+11,QZMHK2399859,Spotify,US,Unknown Stream,5,0.0229652,80,100
2024-02,2024-04,,La Vida Es Una Muerte Que Viene,A Ver,7.34168E+11,QM42K2309623,Spotify,US,Unknown Stream,4,0.0183722,80,100
2024-02,2024-04,,La Vida Es Una Muerte Que Viene,Sin Tiempo,7.34168E+11,QM42K2355776,Spotify,US,Unknown Stream,2,0.0091861,80,100
2024-02,2024-04,,La Vida Es Una Muerte Que Viene,Sé Que,7.34168E+11,QZMHN2381628,Spotify,US,Unknown Stream,3,0.0137791,80,100
2024-02,2024-04,,La Vida Es Una Muerte Que Viene,Tú y Yo,7.34168E+11,QZS652388451,Spotify,US,Unknown Stream,5,0.020286,80,100
2024-02,2024-04,,La Vida Es Una Muerte Que Viene,Quédate,7.34168E+11,QM42K2355071,Spotify,US,Unknown Stream,6,0.0250447,80,100
2024-02,2024-04,,La Vida Es Una Muerte Que Viene,Déjenme,7.34168E+11,QZS632379385,Spotify,US,Unknown Stream,2,0.0091861,80,100
2024-02,2024-04,,La Vida Es Una Muerte Que Viene,La Vida es Una Muerte Que Viene,7.34168E+11,QZS642379955,Spotify,US,Unknown Stream,2,0.0091861,80,100
2024-02,2024-04,,La Vida Es Una Muerte Que Viene,Otro Mundo,7.34168E+11,QZMHL2318427,Spotify,PL,Unknown Stream,1,0.0009971,80,100
2024-02,2024-04,,La Vida Es Una Muerte Que Viene,Otro Mundo,7.34168E+11,QZMHL2318427,Spotify,US,Unknown Stream,4,0.0183722,80,100
2024-02,2024-04,,,Quizás Podemos,,QZMHK2399859,YouTube Music,US,YouTube Music Ad Views,2,0,80,100
2024-02,2024-04,,,A Ver,,QM42K2309623,YouTube Music,BR,YouTube Music Ad Views,1,0,80,100
2024-02,2024-04,,,Sin Tiempo,,QM42K2355776,YouTube Music,BR,YouTube Music Ad Views,1,0,80,100
2024-02,2024-04,,,Tú y Yo,,QZS652388451,YouTube Music,BR,YouTube Music Ad Views,1,0,80,100
2024-02,2024-04,,,Tú y Yo,,QZS652388451,YouTube Music,EC,YouTube Music Ad Views,1,0,80,100
2024-02,2024-04,,,Tú y Yo,,QZS652388451,YouTube Music,ES,YouTube Music Ad Views,1,0.0016052,80,100
2024-02,2024-04,,,Tú y Yo,,QZS652388451,YouTube Music,MX,YouTube Music Ad Views,0,0.0007405,80,100
2024-02,2024-04,,,Quédate,,QM42K2355071,YouTube Music,US,YouTube Music Ad Views,2,0.0035167,80,100
2024-02,2024-04,,,Déjenme,,QZS632379385,YouTube Music,BR,YouTube Music Ad Views,1,0,80,100
2024-02,2024-04,,,La Vida es Una Muerte Que Viene,,QZS642379955,YouTube Music,BR,YouTube Music Ad Views,1,0,80,100
2024-02,2024-04,,,La Vida es Una Muerte Que Viene,,QZS642379955,YouTube Music,US,YouTube Music Ad Views,2,0,80,100
2024-02,2024-04,,La Vida Es Una Muerte Que Viene,Sé Que,7.34168E+11,QZMHN2381628,Apple Music,US,Unknown Stream,1,0.0065944,80,100
2024-02,2024-04,,La Vida Es Una Muerte Que Viene,Déjenme,7.34168E+11,QZS632379385,Apple Music,US,Unknown Stream,1,0.0040816,80,100
2024-02,2024-04,,La Vida Es Una Muerte Que Viene,La Vida es Una Muerte Que Viene,7.34168E+11,QZS642379955,Apple Music,MX,Unknown Stream,1,0.0034686,80,100
2024-02,2024-04,,La Vida Es Una Muerte Que Viene,La Vida es Una Muerte Que Viene,7.34168E+11,QZS642379955,Apple Music,US,Unknown Stream,2,0.0131888,80,100
2024-02,2024-04,,,Tú y Yo,,QZS652388451,YouTube Music,US,YouTube Music Sub Views,1,0.0132272,80,100
2024-03,2024-05,,La Vida Es Una Muerte Que Viene,Quizás Podemos,7.34168E+11,QZMHK2399859,Spotify,DE,Unknown Stream,7,0.007875,80,100
2024-03,2024-05,,La Vida Es Una Muerte Que Viene,Quizás Podemos,7.34168E+11,QZMHK2399859,Spotify,PH,Unknown Stream,1,0.0011823,80,100
2024-03,2024-05,,La Vida Es Una Muerte Que Viene,Quizás Podemos,7.34168E+11,QZMHK2399859,Spotify,SK,Unknown Stream,1,0.0011923,80,100
2024-03,2024-05,,La Vida Es Una Muerte Que Viene,Quizás Podemos,7.34168E+11,QZMHK2399859,Spotify,US,Unknown Stream,4,0.0108218,80,100
2024-03,2024-05,,La Vida Es Una Muerte Que Viene,A Ver,7.34168E+11,QM42K2309623,Spotify,US,Unknown Stream,2,0.0066547,80,100
2024-03,2024-05,,La Vida Es Una Muerte Que Viene,Sin Tiempo,7.34168E+11,QM42K2355776,Spotify,US,Unknown Stream,4,0.008334,80,100
2024-03,2024-05,,La Vida Es Una Muerte Que Viene,Sé Que,7.34168E+11,QZMHN2381628,Spotify,HU,Unknown Stream,1,0.000052,80,100
2024-03,2024-05,,La Vida Es Una Muerte Que Viene,Sé Que,7.34168E+11,QZMHN2381628,Spotify,SE,Unknown Stream,1,0.0050755,80,100
2024-03,2024-05,,La Vida Es Una Muerte Que Viene,Sé Que,7.34168E+11,QZMHN2381628,Spotify,US,Unknown Stream,4,0.0157972,80,100
2024-03,2024-05,,La Vida Es Una Muerte Que Viene,Tú y Yo,7.34168E+11,QZS652388451,Spotify,SE,Unknown Stream,1,0.0050755,80,100
2024-03,2024-05,,La Vida Es Una Muerte Que Viene,Tú y Yo,7.34168E+11,QZS652388451,Spotify,US,Unknown Stream,5,0.0178807,80,100
2024-03,2024-05,,La Vida Es Una Muerte Que Viene,Quédate,7.34168E+11,QM42K2355071,Spotify,US,Unknown Stream,3,0.011226,80,100
2024-03,2024-05,,La Vida Es Una Muerte Que Viene,Déjenme,7.34168E+11,QZS632379385,Spotify,US,Unknown Stream,7,0.0295109,80,100
2024-03,2024-05,,La Vida Es Una Muerte Que Viene,La Vida es Una Muerte Que Viene,7.34168E+11,QZS642379955,Spotify,US,Unknown Stream,1,0.0045712,80,100
2024-03,2024-05,,La Vida Es Una Muerte Que Viene,Otro Mundo,7.34168E+11,QZMHL2318427,Spotify,US,Unknown Stream,1,0.0045712,80,100
2024-03,2024-05,,,La Vida es Una Muerte Que Viene,,QZS642379955,YouTube Music,BO,YouTube Music Ad Views,1,0.0004108,80,100
2024-03,2024-05,,La Vida Es Una Muerte Que Viene,Sin Tiempo,7.34168E+11,QM42K2355776,Amazon Music,FR,Sub Stream,1,0.0014678,80,100
2024-03,2024-05,,La Vida Es Una Muerte Que Viene,Sé Que,7.34168E+11,QZMHN2381628,Amazon Music,FR,Sub Stream,1,0.0014678,80,100
2024-03,2024-05,,La Vida Es Una Muerte Que Viene,Otro Mundo,7.34168E+11,QZMHL2318427,Amazon Music,FR,Sub Stream,1,0.0014678,80,100
2024-03,2024-05,,La Vida Es Una Muerte Que Viene,Quizás Podemos,7.34168E+11,QZMHK2399859,Apple Music,US,Unknown Stream,1,0.0033296,80,100
2024-03,2024-05,,La Vida Es Una Muerte Que Viene,A Ver,7.34168E+11,QM42K2309623,Apple Music,US,Unknown Stream,1,0.0033296,80,100
2024-03,2024-05,,La Vida Es Una Muerte Que Viene,Sin Tiempo,7.34168E+11,QM42K2355776,Apple Music,US,Unknown Stream,1,0.0033296,80,100
2024-03,2024-05,,La Vida Es Una Muerte Que Viene,Sé Que,7.34168E+11,QZMHN2381628,Apple Music,US,Unknown Stream,1,0.0033296,80,100
2024-03,2024-05,,La Vida Es Una Muerte Que Viene,Tú y Yo,7.34168E+11,QZS652388451,Apple Music,US,Unknown Stream,2,0.0077792,80,100
2024-03,2024-05,,La Vida Es Una Muerte Que Viene,Quédate,7.34168E+11,QM42K2355071,Apple Music,CR,Unknown Stream,1,0.005228,80,100
2024-03,2024-05,,La Vida Es Una Muerte Que Viene,Quédate,7.34168E+11,QM42K2355071,Apple Music,US,Unknown Stream,1,0.0033296,80,100
2024-03,2024-05,,La Vida Es Una Muerte Que Viene,Déjenme,7.34168E+11,QZS632379385,Apple Music,US,Unknown Stream,2,0.0077792,80,100
2024-03,2024-05,,La Vida Es Una Muerte Que Viene,La Vida es Una Muerte Que Viene,7.34168E+11,QZS642379955,Apple Music,US,Unknown Stream,1,0.0033296,80,100
2024-03,2024-05,,La Vida Es Una Muerte Que Viene,Otro Mundo,7.34168E+11,QZMHL2318427,Apple Music,US,Unknown Stream,1,0.0033296,80,100
2024-04,2024-06,,La Vida Es Una Muerte Que Viene,Quizás Podemos,7.34168E+11,QZMHK2399859,Apple Music,US,Unknown Stream,1,0.0030912,80,100
2024-04,2024-06,,La Vida Es Una Muerte Que Viene,A Ver,7.34168E+11,QM42K2309623,Apple Music,US,Unknown Stream,3,0.0136448,80,100
2024-04,2024-06,,La Vida Es Una Muerte Que Viene,Sin Tiempo,7.34168E+11,QM42K2355776,Apple Music,US,Unknown Stream,1,0.0030912,80,100
2024-04,2024-06,,La Vida Es Una Muerte Que Viene,Sé Que,7.34168E+11,QZMHN2381628,Apple Music,US,Unknown Stream,1,0.0030912,80,100
2024-04,2024-06,,La Vida Es Una Muerte Que Viene,Tú y Yo,7.34168E+11,QZS652388451,Apple Music,US,Unknown Stream,2,0.0061824,80,100
2024-04,2024-06,,La Vida Es Una Muerte Que Viene,Quédate,7.34168E+11,QM42K2355071,Apple Music,US,Unknown Stream,1,0.0030912,80,100
2024-04,2024-06,,La Vida Es Una Muerte Que Viene,Déjenme,7.34168E+11,QZS632379385,Apple Music,US,Unknown Stream,1,0.0030912,80,100
2024-04,2024-06,,La Vida Es Una Muerte Que Viene,La Vida es Una Muerte Que Viene,7.34168E+11,QZS642379955,Apple Music,US,Unknown Stream,1,0.0030912,80,100
2024-04,2024-06,,La Vida Es Una Muerte Que Viene,Otro Mundo,7.34168E+11,QZMHL2318427,Apple Music,US,Unknown Stream,2,0.0061824,80,100
2024-05,2024-07,,,Tú y Yo,,QZS652388451,YouTube Music,CO,YouTube Music Ad Views,1,0,80,100
2024-06,2024-08,,La Vida Es Una Muerte Que Viene,Quédate,7.34168E+11,QM42K2355071,Apple Music,US,Unknown Stream,1,0.0070872,80,100
2024-06,2024-08,,La Vida Es Una Muerte Que Viene,Otro Mundo,7.34168E+11,QZMHL2318427,Apple Music,US,Unknown Stream,1,0.003772,80,100
2024-06,2024-08,,,Déjenme,,QZS632379385,YouTube Music,CO,YouTube Music Ad Views,1,0,80,100
2024-06,2024-08,,La Vida Es Una Muerte Que Viene,Quédate,7.34168E+11,QM42K2355071,MediaNet,US,Unknown Stream,1,0.0017089,80,100
2024-07,2024-09,,,Quizás Podemos,,QZMHK2399859,YouTube Music,MX,YouTube Music Ad Views,1,0,80,100
2024-07,2024-09,,,Sin Tiempo,,QM42K2355776,YouTube Music,CR,YouTube Music Ad Views,0,0.0004754,80,100
2024-07,2024-09,,La Vida Es Una Muerte Que Viene,Quizás Podemos,7.34168E+11,QZMHK2399859,Apple Music,US,Unknown Stream,1,0.0032944,80,100
2024-07,2024-09,,La Vida Es Una Muerte Que Viene,A Ver,7.34168E+11,QM42K2309623,Apple Music,US,Unknown Stream,1,0.0032944,80,100
2024-07,2024-09,,La Vida Es Una Muerte Que Viene,Sé Que,7.34168E+11,QZMHN2381628,Apple Music,US,Unknown Stream,1,0.0032944,80,100
2024-07,2024-09,,La Vida Es Una Muerte Que Viene,Tú y Yo,7.34168E+11,QZS652388451,Apple Music,US,Unknown Stream,2,0.0105888,80,100
2024-07,2024-09,,La Vida Es Una Muerte Que Viene,Quédate,7.34168E+11,QM42K2355071,Apple Music,US,Unknown Stream,1,0.0032944,80,100
2024-07,2024-09,,La Vida Es Una Muerte Que Viene,Déjenme,7.34168E+11,QZS632379385,Apple Music,US,Unknown Stream,1,0.0032944,80,100
2024-08,2024-10,,La Vida Es Una Muerte Que Viene,Tú y Yo,7.34168E+11,QZS652388451,Pandora,US,Unknown Stream,3,0.0132425,80,100
2024-08,2024-10,,,Sé Que,,QZMHN2381628,YouTube Music,GT,YouTube Music Ad Views,1,0,80,100
2024-08,2024-10,,,Tú y Yo,,QZS652388451,YouTube Music,GT,YouTube Music Ad Views,1,0,80,100
2024-08,2024-10,,,Quédate,,QM42K2355071,YouTube Music,GT,YouTube Music Ad Views,1,0,80,100
2024-08,2024-10,,La Vida Es Una Muerte Que Viene,Quédate,7.34168E+11,QM42K2355071,Qobuz,FR,Track Download,1,0.009291,80,100
2024-09,2024-11,,La Vida Es Una Muerte Que Viene,Quizás Podemos,7.34168E+11,QZMHK2399859,Apple Music,US,Unknown Stream,1,0.0032392,80,100
2024-09,2024-11,,La Vida Es Una Muerte Que Viene,A Ver,7.34168E+11,QM42K2309623,Apple Music,US,Unknown Stream,2,0.006916,80,100
2024-09,2024-11,,La Vida Es Una Muerte Que Viene,Sin Tiempo,7.34168E+11,QM42K2355776,Apple Music,US,Unknown Stream,2,0.006916,80,100
2024-09,2024-11,,La Vida Es Una Muerte Que Viene,Sé Que,7.34168E+11,QZMHN2381628,Apple Music,US,Unknown Stream,1,0.0032392,80,100
2024-09,2024-11,,La Vida Es Una Muerte Que Viene,Tú y Yo,7.34168E+11,QZS652388451,Apple Music,US,Unknown Stream,1,0.0032392,80,100
2024-09,2024-11,,La Vida Es Una Muerte Que Viene,Quédate,7.34168E+11,QM42K2355071,Apple Music,US,Unknown Stream,2,0.006916,80,100
2024-09,2024-11,,La Vida Es Una Muerte Que Viene,Déjenme,7.34168E+11,QZS632379385,Apple Music,US,Unknown Stream,1,0.0032392,80,100
2024-09,2024-11,,La Vida Es Una Muerte Que Viene,La Vida es Una Muerte Que Viene,7.34168E+11,QZS642379955,Apple Music,US,Unknown Stream,1,0.0032392,80,100
2024-09,2024-11,,La Vida Es Una Muerte Que Viene,Otro Mundo,7.34168E+11,QZMHL2318427,Apple Music,US,Unknown Stream,1,0.0032392,80,100
2024-10,2024-12,,,Quizás Podemos,,QZMHK2399859,YouTube Music,BR,YouTube Music Ad Views,1,0,80,100
2024-10,2024-12,,,Sé Que,,QZMHN2381628,YouTube Music,MA,YouTube Music Ad Views,1,0,80,100
2024-10,2024-12,,,Sé Que,,QZMHN2381628,YouTube Music,PE,YouTube Music Ad Views,1,0,80,100
2024-10,2024-12,,,La Vida es Una Muerte Que Viene,,QZS642379955,YouTube Music,BR,YouTube Music Ad Views,2,0,80,100
2024-10,2024-12,,,La Vida es Una Muerte Que Viene,,QZS642379955,YouTube Music,US,YouTube Music Ad Views,1,0,80,100
2024-10,2024-12,,,Otro Mundo,,QZMHL2318427,YouTube Music,DO,YouTube Music Ad Views,1,0.0001583,80,100
2024-10,2024-12,,,Otro Mundo,,QZMHL2318427,YouTube Music,IN,YouTube Music Ad Views,1,0,80,100
2024-10,2024-12,,,Otro Mundo,,QZMHL2318427,YouTube Music,TR,YouTube Music Ad Views,1,0,80,100
2024-10,2024-12,,La Vida Es Una Muerte Que Viene,La Vida es Una Muerte Que Viene,7.34168E+11,QZS642379955,Amazon Music,US,Sub Stream,1,0.010656,80,100
2024-10,2024-12,,La Vida Es Una Muerte Que Viene,La Vida es Una Muerte Que Viene,7.34168E+11,QZS642379955,Apple Music,US,Unknown Stream,1,0.0067688,80,100
2024-11,2025-01,,,Sin Tiempo,,QM42K2355776,YouTube Music,PE,YouTube Music Ad Views,1,0,80,100
2024-11,2025-01,,La Vida Es Una Muerte Que Viene,Quizás Podemos,7.34168E+11,QZMHK2399859,Apple Music,US,Unknown Stream,1,0.003304,80,100
2024-11,2025-01,,La Vida Es Una Muerte Que Viene,A Ver,7.34168E+11,QM42K2309623,Apple Music,US,Unknown Stream,1,0.003304,80,100
2024-11,2025-01,,La Vida Es Una Muerte Que Viene,Sé Que,7.34168E+11,QZMHN2381628,Apple Music,US,Unknown Stream,2,0.0099592,80,100
2024-11,2025-01,,La Vida Es Una Muerte Que Viene,Tú y Yo,7.34168E+11,QZS652388451,Apple Music,US,Unknown Stream,1,0.003304,80,100
2024-11,2025-01,,La Vida Es Una Muerte Que Viene,Quédate,7.34168E+11,QM42K2355071,Apple Music,US,Unknown Stream,1,0.003304,80,100
2024-11,2025-01,,La Vida Es Una Muerte Que Viene,Déjenme,7.34168E+11,QZS632379385,Apple Music,US,Unknown Stream,2,0.0099592,80,100
2024-11,2025-01,,La Vida Es Una Muerte Que Viene,La Vida es Una Muerte Que Viene,7.34168E+11,QZS642379955,Apple Music,US,Unknown Stream,1,0.003304,80,100
2024-12,2025-02,,,Sin Tiempo,,QM42K2355776,YouTube Music,PY,YouTube Music Ad Views,1,0,80,100
2024-12,2025-02,,,Déjenme,,QZS632379385,YouTube Music,BR,YouTube Music Ad Views,1,0,80,100
2024-12,2025-02,,,Otro Mundo,,QZMHL2318427,YouTube Music,ID,YouTube Music Ad Views,1,0,80,100
2024-12,2025-02,,La Vida Es Una Muerte Que Viene,Sin Tiempo,7.34168E+11,QM42K2355776,Apple Music,US,Unknown Stream,1,0.0069736,80,100
2024-12,2025-02,,La Vida Es Una Muerte Que Viene,Quizás Podemos,7.34168E+11,QZMHK2399859,Facebook,AU,Unknown Stream,1,0.0000084,80,100
2024-12,2025-02,,La Vida Es Una Muerte Que Viene,Quizás Podemos,7.34168E+11,QZMHK2399859,Facebook,CA,Unknown Stream,1,0.0000061,80,100
2024-12,2025-02,,La Vida Es Una Muerte Que Viene,Quizás Podemos,7.34168E+11,QZMHK2399859,Facebook,US,Unknown Stream,19,0.000332,80,100
2024-12,2025-02,,La Vida Es Una Muerte Que Viene,Quizás Podemos,7.34168E+11,QZMHK2399859,Facebook,,Unknown Stream,1,0.0002632,80,100
2025-01,2025-03,,La Vida Es Una Muerte Que Viene,Sin Tiempo,7.34168E+11,QM42K2355776,Apple Music,US,Unknown Stream,1,0.0069936,80,100
2025-01,2025-03,,La Vida Es Una Muerte Que Viene,Otro Mundo,7.34168E+11,QZMHL2318427,Apple Music,US,Unknown Stream,1,0.0069936,80,100
2025-02,2025-04,,,Sin Tiempo,,QM42K2355776,YouTube Music,BG,YouTube Music Ad Views,1,0,80,100
2025-02,2025-04,,La Vida Es Una Muerte Que Viene,Quizás Podemos,7.34168E+11,QZMHK2399859,Apple Music,US,Unknown Stream,1,0.006564,80,100
2025-01,2025-04,,La Vida Es Una Muerte Que Viene,Déjenme,7.34168E+11,QZS632379385,Facebook,BR,Unknown Stream,1,0.0000009,80,100
2025-02,2025-04,,La Vida Es Una Muerte Que Viene,Sé Que,7.34168E+11,QZMHN2381628,Facebook,US,Unknown Stream,7,0.0001206,80,100
2025-02,2025-04,,La Vida Es Una Muerte Que Viene,Sé Que,7.34168E+11,QZMHN2381628,Facebook,,Unknown Stream,1,0.0002533,80,100
2025-03,2025-05,,,Sin Tiempo,,QM42K2355776,YouTube Music,BR,YouTube Music Ad Views,1,0,80,100
2025-03,2025-05,,La Vida Es Una Muerte Que Viene,Quizás Podemos,7.34168E+11,QZMHK2399859,Facebook,US,Unknown Stream,1,0.0000168,80,100
2025-03,2025-05,,La Vida Es Una Muerte Que Viene,A Ver,7.34168E+11,QM42K2309623,Facebook,BR,Unknown Stream,1,0.0000009,80,100
2025-03,2025-05,,La Vida Es Una Muerte Que Viene,Déjenme,7.34168E+11,QZS632379385,Facebook,NL,Unknown Stream,1,0.0000064,80,100
2025-03,2025-05,,,Quizás Podemos,,QZMHK2399859,YouTube Music,US,YouTube Music Sub Views,1,0.0055329,80,100
2025-03,2025-05,,,A Ver,,QM42K2309623,YouTube Music,BR,YouTube Music Sub Views,1,0,80,100
2025-03,2025-05,,,A Ver,,QM42K2309623,YouTube Music,US,YouTube Music Sub Views,3,0.0165988,80,100
2025-03,2025-05,,,Tú y Yo,,QZS652388451,YouTube Music,CO,YouTube Music Sub Views,4,0,80,100
2025-03,2025-05,,,Tú y Yo,,QZS652388451,YouTube Music,US,YouTube Music Sub Views,2,0.0110659,80,100
2025-03,2025-05,,,Déjenme,,QZS632379385,YouTube Music,US,YouTube Music Sub Views,1,0.0055329,80,100
2025-03,2025-05,,La Vida Es Una Muerte Que Viene,La Vida es Una Muerte Que Viene,7.34168E+11,QZS642379955,Apple Music,US,Unknown Stream,1,0.0070064,80,100
2025-04,2025-06,,,Sin Tiempo,,QM42K2355776,YouTube Music,BE,Content ID - Sound Recording Ad Views,1,0,80,100
2025-04,2025-06,,,Sin Tiempo,,QM42K2355776,YouTube Music,CZ,Content ID - Sound Recording Ad Views,1,0,80,100
2025-04,2025-06,,,Sin Tiempo,,QM42K2355776,YouTube Music,DE,Content ID - Sound Recording Ad Views,1,0,80,100
2025-04,2025-06,,,Sin Tiempo,,QM42K2355776,YouTube Music,MD,Content ID - Sound Recording Ad Views,1,0,80,100
2025-04,2025-06,,,Sin Tiempo,,QM42K2355776,YouTube Music,NL,Content ID - Sound Recording Ad Views,1,0,80,100
2025-04,2025-06,,,Sin Tiempo,,QM42K2355776,YouTube Music,RU,Content ID - Sound Recording Ad Views,11,0,80,100
2025-04,2025-06,,,Sin Tiempo,,QM42K2355776,YouTube Music,UA,Content ID - Sound Recording Ad Views,4,0,80,100
2025-04,2025-06,,,Quizás Podemos,,QZMHK2399859,YouTube Music,US,YouTube Music Sub Views,3,0.0168715,80,100
2025-04,2025-06,,,Sin Tiempo,,QM42K2355776,YouTube Music,US,YouTube Music Sub Views,1,0.0056238,80,100
2025-04,2025-06,,,Sé Que,,QZMHN2381628,YouTube Music,US,YouTube Music Sub Views,2,0.0112476,80,100
2025-04,2025-06,,,Tú y Yo,,QZS652388451,YouTube Music,US,YouTube Music Sub Views,5,0.0281191,80,100
2025-04,2025-06,,,Quédate,,QM42K2355071,YouTube Music,US,YouTube Music Sub Views,1,0.0056238,80,100
2025-04,2025-06,,,La Vida es Una Muerte Que Viene,,QZS642379955,YouTube Music,US,YouTube Music Sub Views,1,0.0056238,80,100
2025-04,2025-06,,,Otro Mundo,,QZMHL2318427,YouTube Music,US,YouTube Music Sub Views,1,0.0056238,80,100
2025-04,2025-06,,La Vida Es Una Muerte Que Viene,Quizás Podemos,7.34168E+11,QZMHK2399859,Apple Music,US,Unknown Stream,1,0.0074184,80,100
2025-04,2025-06,,La Vida Es Una Muerte Que Viene,La Vida es Una Muerte Que Viene,7.34168E+11,QZS642379955,Apple Music,US,Unknown Stream,2,0.0126592,80,100
2025-05,2025-07,,,Sin Tiempo,,QM42K2355776,YouTube Music,RU,Content ID - Sound Recording Ad Views,1,0,80,100
2025-05,2025-07,,,Sin Tiempo,,QM42K2355776,YouTube Music,UA,Content ID - Sound Recording Ad Views,1,0,80,100
2025-05,2025-07,,,Sin Tiempo,,QM42K2355776,YouTube Music,UA,Content ID - Sound Recording Sub Views,1,0.0000115,80,100
2025-05,2025-07,,,Tú y Yo,,QZS652388451,YouTube Music,US,YouTube Music Sub Views,1,0.0054742,80,100
2025-04,2025-07,,La Vida Es Una Muerte Que Viene,Déjenme,7.34168E+11,QZS632379385,Facebook,AR,Unknown Stream,2,0.0000028,80,100
2025-04,2025-07,,La Vida Es Una Muerte Que Viene,Déjenme,7.34168E+11,QZS632379385,Facebook,BR,Unknown Stream,8,0.0000075,80,100
2025-04,2025-07,,La Vida Es Una Muerte Que Viene,Déjenme,7.34168E+11,QZS632379385,Facebook,CA,Unknown Stream,1,0.0000067,80,100
2025-04,2025-07,,La Vida Es Una Muerte Que Viene,Déjenme,7.34168E+11,QZS632379385,Facebook,PT,Unknown Stream,1,0.0000017,80,100
2025-04,2025-07,,La Vida Es Una Muerte Que Viene,Déjenme,7.34168E+11,QZS632379385,Facebook,US,Unknown Stream,2,0.0000353,80,100
2025-04,2025-07,,La Vida Es Una Muerte Que Viene,Déjenme,7.34168E+11,QZS632379385,Facebook,,Unknown Stream,1,0.0002513,80,100
2025-05,2025-07,,La Vida Es Una Muerte Que Viene,Quizás Podemos,7.34168E+11,QZMHK2399859,Apple Music,US,Unknown Stream,1,0.0034816,80,100
2025-05,2025-07,,La Vida Es Una Muerte Que Viene,A Ver,7.34168E+11,QM42K2309623,Apple Music,US,Unknown Stream,1,0.0065064,80,100
2025-05,2025-07,,La Vida Es Una Muerte Que Viene,Sin Tiempo,7.34168E+11,QM42K2355776,Apple Music,US,Unknown Stream,3,0.0195192,80,100
2025-05,2025-07,,La Vida Es Una Muerte Que Viene,Sé Que,7.34168E+11,QZMHN2381628,Apple Music,US,Unknown Stream,1,0.0065064,80,100
2025-05,2025-07,,La Vida Es Una Muerte Que Viene,Déjenme,7.34168E+11,QZS632379385,Apple Music,US,Unknown Stream,1,0.0065064,80,100
2025-05,2025-07,,La Vida Es Una Muerte Que Viene,Otro Mundo,7.34168E+11,QZMHL2318427,Apple Music,US,Unknown Stream,1,0.0065064,80,100
2025-05,2025-08,,La Vida Es Una Muerte Que Viene,Sé Que,7.34168E+11,QZMHN2381628,Facebook,BR,Unknown Stream,1,0.0000009,80,100
2025-06,2025-08,,La Vida Es Una Muerte Que Viene,Quizás Podemos,7.34168E+11,QZMHK2399859,Apple Music,US,Unknown Stream,1,0.0033224,80,100
2025-06,2025-08,,La Vida Es Una Muerte Que Viene,Sé Que,7.34168E+11,QZMHN2381628,Apple Music,US,Unknown Stream,2,0.0067872,80,100
2025-06,2025-08,,La Vida Es Una Muerte Que Viene,Tú y Yo,7.34168E+11,QZS652388451,Apple Music,US,Unknown Stream,1,0.0033224,80,100
2025-06,2025-08,,La Vida Es Una Muerte Que Viene,Quédate,7.34168E+11,QM42K2355071,Apple Music,US,Unknown Stream,1,0.0033224,80,100
2025-06,2025-08,,,A Ver,,QM42K2309623,YouTube Music,MX,YouTube Music Ad Views,1,0.0000311,80,100
2025-06,2025-08,,,Sin Tiempo,,QM42K2355776,YouTube Music,RU,YouTube Music Ad Views,1,0,80,100
2025-06,2025-08,,,Sé Que,,QZMHN2381628,YouTube Music,VN,YouTube Music Ad Views,2,0.0004998,80,100
2025-06,2025-08,,,Quédate,,QM42K2355071,YouTube Music,AR,YouTube Music Ad Views,1,0,80,100
2025-06,2025-08,,,Déjenme,,QZS632379385,YouTube Music,BR,YouTube Music Ad Views,1,0,80,100
2025-07,2025-09,,La Vida Es Una Muerte Que Viene,Quizás Podemos,7.34168E+11,QZMHK2399859,Apple Music,US,Unknown Stream,1,0.0031208,80,100
2025-07,2025-09,,La Vida Es Una Muerte Que Viene,A Ver,7.34168E+11,QM42K2309623,Apple Music,US,Unknown Stream,2,0.0062416,80,100
2025-07,2025-09,,La Vida Es Una Muerte Que Viene,Sin Tiempo,7.34168E+11,QM42K2355776,Apple Music,US,Unknown Stream,1,0.0031208,80,100
2025-07,2025-09,,La Vida Es Una Muerte Que Viene,Sé Que,7.34168E+11,QZMHN2381628,Apple Music,US,Unknown Stream,2,0.0097776,80,100
2025-07,2025-09,,La Vida Es Una Muerte Que Viene,Tú y Yo,7.34168E+11,QZS652388451,Apple Music,US,Unknown Stream,1,0.0031208,80,100
2025-07,2025-09,,La Vida Es Una Muerte Que Viene,Quédate,7.34168E+11,QM42K2355071,Apple Music,US,Unknown Stream,1,0.0031208,80,100
2025-07,2025-09,,La Vida Es Una Muerte Que Viene,Déjenme,7.34168E+11,QZS632379385,Apple Music,US,Unknown Stream,1,0.0031208,80,100
2025-07,2025-09,,La Vida Es Una Muerte Que Viene,La Vida es Una Muerte Que Viene,7.34168E+11,QZS642379955,Apple Music,US,Unknown Stream,1,0.0031208,80,100
2025-07,2025-09,,La Vida Es Una Muerte Que Viene,Otro Mundo,7.34168E+11,QZMHL2318427,Apple Music,US,Unknown Stream,1,0.0031208,80,100
2025-07,2025-09,,,Sé Que,,QZMHN2381628,YouTube Music,HN,YouTube Music Ad Views,1,0,80,100
2025-07,2025-09,,,Quédate,,QM42K2355071,YouTube Music,KZ,YouTube Music Ad Views,1,0,80,100
2025-07,2025-09,,,Déjenme,,QZS632379385,YouTube Music,BR,YouTube Music Ad Views,1,0,80,100
2025-08,2025-10,,La Vida Es Una Muerte Que Viene,Sé Que,7.34168E+11,QZMHN2381628,Apple Music,MX,Unknown Stream,1,0.0014187,80,100
2025-08,2025-10,,La Vida Es Una Muerte Que Viene,Otro Mundo,7.34168E+11,QZMHL2318427,Apple Music,MX,Unknown Stream,1,0.0011763,80,100
2025-08,2025-10,,,Sin Tiempo,,QM42K2355776,YouTube Music,NL,Content ID - Sound Recording Ad Views,1,0,80,100
2025-08,2025-10,,,Sin Tiempo,,QM42K2355776,YouTube Music,NO,Content ID - Sound Recording Ad Views,1,0,80,100
2025-08,2025-10,,,Sin Tiempo,,QM42K2355776,YouTube Music,RU,Content ID - Sound Recording Ad Views,4,0,80,100
2025-08,2025-10,,,Sin Tiempo,,QM42K2355776,YouTube Music,UZ,Content ID - Sound Recording Ad Views,1,0,80,100
2025-08,2025-10,,,Quédate,,QM42K2355071,YouTube Music,KG,YouTube Music Ad Views,1,0,80,100
2025-08,2025-10,,,Déjenme,,QZS632379385,YouTube Music,PE,YouTube Music Ad Views,1,0,80,100
2025-09,2025-11,,La Vida Es Una Muerte Que Viene,Sin Tiempo,7.34168E+11,QM42K2355776,Apple Music,US,Unknown Stream,1,0.008193,100,100
2025-09,2025-11,,La Vida Es Una Muerte Que Viene,La Vida es Una Muerte Que Viene,7.34168E+11,QZS642379955,Apple Music,US,Unknown Stream,1,0.008193,100,100
2025-11,2026-01,,La Vida Es Una Muerte Que Viene,Sé Que,7.34168E+11,QZMHN2381628,Deezer,FR,Unknown Stream,1,0.0009057,100,100
2025-11,2026-01,,La Vida Es Una Muerte Que Viene,Quizás Podemos,7.34168E+11,QZMHK2399859,Apple Music,US,Unknown Stream,1,0.008348,100,100
2025-11,2026-01,,,Sin Tiempo,,QM42K2355776,YouTube Music,US,YouTube Music Sub Views,1,0.0077374,100,100
2025-12,2026-02,,La Vida Es Una Muerte Que Viene,Otro Mundo,7.34168E+11,QZMHL2318427,Apple Music,US,Unknown Stream,1,0.005027,100,100